"","V1","V2","V3"
"1",1,68,53.737391044538
"2",2,68,52.3400054861551
"3",3,68,54.5009100184847
"4",4,76,51.7133025033933
"5",5,77,52.5887580670514
"6",6,73,51.4479981160148
"7",7,73,51.5632429689642
"8",9,66,50.8533719037236
"9",10,68,50.3288139161469
"10",11,76,50.564189854808
"11",12,61,48.283419029075
"12",13,65,47.1067139902743
"13",14,68,47.7907028962804
"14",15,73,46.6199965997169
"15",17,62,46.1055571654642
"16",18,68,46.1859823951707
"17",19,72,45.0117170236027
"18",20,71,47.7634699595841
"19",21,67,45.658988918129
"20",22,63,45.7650228672597
"21",23,71,46.2490839309547
"22",24,75,47.2546275110752
"23",25,76,46.7659374040062
"24",26,75,45.9791692184935
"25",28,63,51.8363093981885
"26",29,68,55.5070421865017
"27",30,75,54.0354501783813
"28",31,56,50.8437361610149
"29",32,62,52.1577058724189
"30",33,70,51.8922588237105
"31",34,70,51.5284569784016
"32",35,65,49.0561770908011
"33",37,73,51.536634572152
"34",38,77,49.3463097636922
"35",39,64,49.9630553463147
"36",40,72,48.7124989956931
"37",41,78,47.7076698611056
"38",42,76,48.0766594350005
"39",44,74,48.8260999247268
"40",45,76,47.699387210782
"41",46,74,46.0734194940688
"42",47,71,45.5216994353197
"43",48,41,44.507280821146
"44",50,53,44.6928830686808
"45",51,54,44.7042850953821
"46",54,60,43.7818802746352
"47",55,63,43.4744928270445
"48",56,1,42.8273083268609
"49",57,68,52.6177678384467
"50",60,78,51.2705767830287
"51",62,74,48.8460923569653
"52",64,61,49.6846152186594
"53",65,61,46.9941780488586
"54",66,63,49.3259013586807
"55",67,66,51.2853031608139
"56",68,76,50.5137712592683
"57",73,68,45.8460686543291
"58",74,70,49.2391686040073
"59",75,57,46.3321110248157
"60",76,69,45.0338235609001
"61",78,73,44.5378951441143
"62",79,76,44.5730476769485
"63",80,72,46.1560410744152
"64",81,53,44.5985228702086
"65",82,58,44.1299029313666
"66",84,69,44.4932434213195
"67",85,72,46.9239414197446
"68",86,74,46.5469414734287
"69",88,58,48.9698011756664
"70",91,65,48.6854442049231
"71",92,74,55.7368932043408
"72",93,54,48.8656887440481
"73",94,55,47.2845344543212
"74",95,56,49.9276355103908
"75",96,56,49.7396431709077
"76",97,64,53.2271628238107
"77",98,71,49.1111129600107
"78",99,53,49.7075660230469
"79",100,57,49.2659419478503
"80",101,62,48.4168302761334
"81",102,63,48.2670763395976
"82",103,70,46.2633869356203
"83",104,73,47.5124621890409
"84",105,52,48.1298847062371
"85",106,55,47.6761864243071
"86",107,59,47.7378086159107
"87",109,75,46.8033042921253
"88",111,70,48.5041944967087
"89",112,70,50.2118224843397
"90",113,70,49.3166458215027
"91",114,70,47.6058009020482
"92",115,73,47.8115682104414
"93",116,67,45.6436824615431
"94",117,37,46.7111418760321
"95",118,35,45.6189690184071
"96",119,37,45.424133795909
"97",122,54,43.8292681600883
"98",123,51,44.6097997177424
"99",124,52,43.5948149217487
"100",125,54,43.6089746630628
"101",126,56,43.5246988921834
"102",128,62,42.6923564198213
"103",132,51,43.908617711957
"104",133,49,44.6273181825332
"105",134,49,44.0157337318202
"106",135,46,45.1639226650689
"107",136,41,45.4934376551774
"108",137,41,45.5463167380576
"109",138,41,45.7989473957368
"110",139,40,47.9373960215626
"111",140,44,48.2898024399464
"112",141,46,46.451134938551
"113",142,48,48.2496736286511
"114",143,45,46.7804479790335
"115",144,40,45.7807826354127
"116",145,39,45.589922354096
"117",146,55,45.3725970588677
"118",147,64,46.1756731184091
"119",149,67,44.1603813183417
"120",150,70,44.6871191537588
"121",152,67,45.7018896077088
"122",154,41,45.9656210589891
"123",156,53,46.0792069642713
"124",157,56,45.0174293110861
"125",159,62,47.8614962349292
"126",160,58,48.275480114701
"127",161,65,48.0596351575
"128",162,66,47.5048541680572
"129",163,67,49.0387998176742
"130",164,51,44.8941574814951
"131",165,54,47.5802972772334
"132",167,58,47.4919820851817
"133",169,68,47.4799921756223
"134",170,72,46.5528792568152
"135",171,38,45.3410769064012
"136",172,33,45.8580442369979
"137",173,25,44.745464809085
"138",174,25,45.1847153957479
"139",175,21,44.6222270572968
"140",176,25,44.0306629842532
"141",177,56,48.140691523478
"142",178,59,45.463534176811
"143",179,63,45.9053777780053
"144",180,72,45.2557865762187
"145",181,75,44.1723120090092
"146",182,72,43.767398956522
"147",184,56,49.9336173817477
"148",185,61,49.8317741928532
"149",186,68,51.4284350404058
"150",189,56,46.9121548253731
"151",191,58,46.2317477270842
"152",192,66,46.3658873090328
"153",194,71,44.9474838713496
"154",195,60,50.9812876234384
"155",196,62,51.4568493568929
"156",197,64,49.5633297230648
"157",200,72,51.3634455271469
"158",202,60,48.3301638820361
"159",204,60,49.0423828009171
"160",205,66,50.2692171126309
"161",207,47,47.8846834412603
"162",209,51,45.9239302375942
"163",210,55,46.1213514401742
"164",211,62,46.3914124082028
"165",212,64,47.4428575667076
"166",213,55,51.0246456216913
"167",214,58,50.0515711616739
"168",215,59,50.3376016626718
"169",217,62,52.0095092010998
"170",219,53,50.9529864249939
"171",220,54,50.2883039472892
"172",221,57,49.9403898596993
"173",222,67,47.9131093624707
"174",224,61,57.6647744525987
"175",226,47,46.5681877255634
"176",228,54,48.5293960552805
"177",229,57,46.6139739366761
"178",230,48,52.6201638098344
"179",231,50,54.518446576839
"180",232,54,53.070901140245
"181",234,60,57.5959544297224
"182",235,56,49.1914263873556
"183",236,43,50.472760524754
"184",237,44,48.2431556864559
"185",238,49,47.4323443918502
"186",239,57,46.5942466638792
"187",241,56,52.2598600318083
"188",243,47,53.4404854611601
"189",246,59,50.23589063599
"190",248,46,46.5108742782281
"191",249,51,44.9762658088056
"192",250,54,48.3572749773426
"193",251,56,49.4918186554575
"194",252,61,48.3236374891998
"195",253,60,46.8069904107707
"196",255,51,50.3643896792387
"197",257,54,49.3270905521254
"198",258,59,49.5455258915897
"199",260,58,51.1317922875538
"200",261,50,48.7172824271625
"201",262,47,49.6635881055703
"202",265,58,57.003799157224
"203",268,55,54.6468412136118
"204",270,64,56.9792558245072
"205",271,66,58.0594269972033
"206",272,52,46.5944388378051
"207",274,55,46.9420574743977
"208",275,57,48.9110702747388
"209",276,65,47.629959779567
"210",277,65,47.2940152094318
"211",279,44,46.6660888242316
"212",280,45,47.0736872835065
"213",283,17,43.5874701866724
"214",286,25,44.6072693713918
"215",287,27,42.1193563071797
"216",288,35,46.9556668462241
"217",289,36,47.5554553925778
"218",290,39,48.5178006706786
"219",291,48,48.2700446547871
"220",292,56,47.8943149536487
"221",293,54,49.5398753380191
"222",295,49,46.4638850337069
"223",297,45,44.8330083794566
"224",299,32,42.9812913897251
"225",300,55,45.590029993081
"226",302,58,46.9252384283792
"227",303,58,46.0956319659338
"228",304,60,45.2518599161673
"229",306,15,41.7799726099487
"230",307,15,42.4701774443941
"231",308,24,41.3257051336146
"232",309,32,41.1981009177871
"233",310,18,41.2404584543746
"234",311,15,42.0411778528385
"235",312,22,41.1228326384713
"236",313,16,41.0973916088788
"237",314,13,41.7209644862679
"238",315,9,41.8256596428507
"239",317,9,41.0821415990632
"240",319,40,42.1412672568541
"241",320,44,43.0525540408652
"242",322,28,41.3866087255904
"243",323,18,41.2885583526699
"244",324,12,41.2576708921794
"245",325,9,41.7773302705777
"246",326,11,42.0167980774342
"247",327,11,41.6372684716987
"248",328,34,41.2295888517856
"249",329,7,41.2612791631337
"250",331,28,41.5402373576115
"251",332,13,41.1368746244435
"252",333,15,41.1814611123951
"253",334,25,43.1337027106452
"254",335,15,43.3712247708587
"255",336,9,42.7103561956925
"256",337,13,43.0570266509361
"257",340,50,46.532328626928
"258",341,26,45.5885574847462
"259",343,48,47.6999764265017
"260",345,15,42.6596815875078
"261",346,15,43.1759846003258
"262",347,15,41.5076515882078
"263",348,36,43.7674350578667
"264",350,13,42.4167731933072
"265",352,17,44.5259352935764
"266",353,23,44.6168957765477
"267",355,36,45.3485478817544
"268",359,13,41.8406203888602
"269",361,14,41.2977742747821
"270",364,9,41.1809927880444
"271",366,46,42.8865165233146
"272",367,46,43.0794624650478
"273",368,63,43.7200799888162
"274",371,46,41.7482734741059
"275",372,70,43.0762229186992
"276",373,66,43.1217585140226
"277",374,9,41.8986859044251
"278",378,36,43.0960995925709
"279",379,20,41.4734297178141
"280",381,24,41.1203980861829
"281",384,61,41.9852470727424
"282",386,38,41.169024675767
"283",387,13,41.5305804517553
"284",388,11,41.373693287389
"285",390,9,41.0945659756151
"286",391,14,41.0971694810606
"287",393,11,41.2265808744284
"288",395,18,41.2521365899025
"289",396,13,41.9018365835408
"290",397,13,41.246298146511
"291",399,18,41.5561434296925
"292",400,22,41.8951908813557
"293",401,18,41.2222691173154
"294",403,11,41.9432038535235
"295",404,9,41.6440886826446
"296",405,14,41.8069046187774
"297",406,13,42.9692686282768
"298",408,38,47.4570802199663
"299",409,50,49.6427199634556
"300",410,15,41.2209962657915
"301",411,17,41.1370412846679
"302",412,28,41.2661346413845
"303",413,30,41.2664426285807
"304",414,23,45.3521087530806
"305",415,27,45.3934831230468
"306",417,50,46.7429564331762
"307",418,36,41.4852417658198
"308",419,32,41.3853194062259
"309",420,13,41.0469244947161
"310",421,11,41.056192975243
"311",422,15,41.7834944079549
"312",423,17,41.5513243929345
"313",425,48,44.318831973292
"314",427,19,41.6071474818307
"315",428,28,41.3812200284807
"316",430,6,41.3831081127663
"317",431,9,41.5037785014029
"318",432,9,41.4472195728629
"319",433,12,41.2805737787046
"320",435,15,42.9565099015609
"321",437,47,46.0239083729308
"322",438,50,43.5968956818987
"323",439,23,42.0125685595256
"324",442,38,41.1542156867499
"325",443,52,41.0310049857381
"326",444,30,41.8704235145533
"327",445,10,41.624243316777
"328",446,7,41.1485176022695
"329",447,7,41.625654732861
"330",448,19,41.7231361537702
"331",450,15,41.2265726019157
"332",452,31,45.1995081222846
"333",455,16,41.4892616780523
"334",459,9,42.3031388713806
"335",461,40,44.8506282130692
"336",463,15,41.6408681249281
"337",465,7,41.5770516076404
"338",466,9,41.2732446622248
"339",467,9,41.1079149384486
"340",468,30,41.1658828946792
"341",469,36,41.0629818766509
"342",470,11,41.7988949929595
"343",471,9,41.3136495563868
"344",476,38,42.1724008587835
"345",477,40,41.9323144481288
"346",478,5,41.3377399618743
"347",479,7,41.2671285262701
"348",480,17,41.0829933831908
"349",481,17,41.0253807065239
"350",483,19,42.3959753244961
"351",484,38,43.9669423412309
"352",485,43,42.4910489561066
"353",486,19,42.0365472553402
"354",487,38,43.7758131961527
"355",488,38,43.930585509368
"356",490,12,41.7391260164042
"357",492,14,41.3871269749358
"358",494,37,42.1761000396209
"359",495,8,41.6396454350158
"360",497,37,41.4067326190663
"361",498,42,41.1008397653088
"362",499,16,42.1116058273604
"363",501,39,43.6861790818276
"364",502,37,43.2921638314696
"365",505,33,45.709264639669
"366",507,45,46.8348984799792
"367",508,8,41.6480939773936
"368",510,16,41.967596058906
"369",511,26,41.3164557720426
"370",513,16,41.1722711885714
"371",514,26,41.9817854770384
"372",515,12,41.9680311591951
"373",517,33,41.1974620286594
"374",518,40,41.2568659964392
"375",519,10,41.3997000491637
"376",520,27,42.89588247736
"377",521,33,42.3484117867249
"378",522,40,41.7521911324128
"379",523,12,41.8401519652757
"380",525,23,41.6218554530559
"381",526,27,41.8547154723822
"382",527,11,41.3557026474123
"383",528,15,41.1272311546049
"384",529,21,41.1737162715471
"385",530,13,41.9271318899177
"386",531,28,43.0580856710384
"387",532,49,42.8667714804736
"388",533,10,41.8645124154983
"389",534,19,42.153558609726
"390",535,29,41.967215338205
"391",536,40,41.3633989142989
"392",537,10,42.0389031973633
"393",539,33,42.8674964921519
"394",540,37,41.6370201017243
"395",541,15,42.4496705454541
"396",543,38,41.5024215982536
"397",544,41,41.093079833024
"398",545,15,43.1378571490372
"399",547,44,45.4241912163192
"400",548,48,43.7029531274886
"401",549,22,44.8708211135188
"402",550,36,46.0693493623847
"403",551,50,48.3377438570026
"404",552,52,49.7360572522869
"405",553,13,41.6022025144473
"406",555,23,41.1483386106558
"407",556,38,41.1365607315196
"408",557,9,41.9896137834081
"409",558,13,41.1853532946639
"410",560,11,42.5969047062834
"411",561,17,43.6809783790624
"412",566,45,41.0897786484282
"413",567,8,43.3482415457379
"414",570,18,43.8287554405472
"415",571,20,43.5508435231812
"416",572,24,43.7532162455941
"417",574,14,41.3287955208934
"418",575,34,41.3591429649382
"419",576,39,41.2867044593212
"420",577,43,41.3174428611801
"421",579,28,43.5979929180116
"422",582,24,41.1264199419189
"423",583,14,41.9387855416062
"424",584,23,41.5927250085684
"425",585,34,41.4969689550709
"426",587,57,43.653278028902
"427",589,63,41.5643124908133
"428",590,43,42.4062515545808
"429",593,64,58.6708872300774
"430",594,67,60.6887953066447
"431",595,71,54.5286616083246
"432",596,53,51.0181148910818
"433",598,71,49.8736515279975
"434",599,75,51.1351072530068
"435",600,77,54.6115391167021
"436",601,60,49.5812446597119
"437",603,72,54.2803812588911
"438",604,78,53.7004710400834
"439",605,59,49.6677667811853
"440",606,69,50.7640258777231
"441",607,72,51.0924880653519
"442",608,78,51.2059400286444
"443",609,65,49.9529064790153
"444",611,72,52.7692237911045
"445",612,78,50.948108372369
"446",613,81,50.9349584518488
"447",614,61,51.8523182926311
"448",615,63,53.2456854689572
"449",616,71,53.8550610926649
"450",617,79,56.915743563999
"451",618,57,48.9478644159131
"452",619,67,51.5273069717326
"453",620,73,51.2531506411387
"454",622,44,50.4479866213416
"455",623,31,47.7066223645917
"456",624,63,50.6904061074318
"457",625,79,51.0036488493644
"458",626,77,53.1725073961718
"459",629,76,50.035391386222
"460",630,66,54.7974095950801
"461",631,81,51.5872227058154
"462",632,58,50.0957922828168
"463",635,75,51.6596071887184
"464",637,79,54.5199383216107
"465",638,64,51.0830378853146
"466",640,79,56.0530117340725
"467",641,60,52.6899236135238
"468",642,75,50.6592580731393
"469",644,81,50.7391130342529
"470",646,54,54.0375000491522
"471",647,56,48.8049115383545
"472",648,44,47.2415752643585
"473",650,73,54.3738299849426
"474",652,72,57.1204401704991
"475",653,68,51.5736343877746
"476",654,74,55.1190000153757
"477",656,75,53.9606157307834
"478",657,38,49.1019770805135
"479",658,60,51.402036378118
"480",659,77,52.4772959321324
"481",660,55,47.5868723655219
"482",661,57,48.1237429629298
"483",663,42,45.3392619731205
"484",664,38,45.8544993425834
"485",666,53,68.7529815782108
"486",668,63,65.2335754979341
"487",671,53,66.720130874885
"488",672,55,60.1850876686389
"489",674,55,66.8524347201538
"490",676,55,58.2275979716554
"491",678,56,68.1706808053397
"492",679,56,67.2677893753006
"493",681,62,71.6965962628591
"494",682,55,70.2071501047035
"495",683,56,66.8088646635574
"496",686,64,48.3626300536469
"497",687,55,46.8546293639765
"498",688,64,43.6620804983211
"499",690,54,56.5637336223876
"500",692,62,63.9525777980799
"501",694,62,47.8890861503284
"502",695,43,50.1712793084419
"503",696,53,56.675972302355
"504",697,71,72.2800035636718
"505",699,54,72.0296919060647
"506",705,62,67.9819520246272
"507",706,57,64.8171023603848
"508",709,55,65.9372887595326
"509",711,55,70.063785729943
"510",712,67,70.5627486938584
"511",713,65,66.0238727827746
"512",715,64,69.1251949819453
"513",717,62,64.5385136703534
"514",718,64,71.4108770566374
"515",719,64,64.8662773940643
"516",720,50,64.7355038435589
"517",721,63,72.8134866744268
"518",722,61,63.7409884983467
"519",723,59,60.8542685329835
"520",724,70,60.0642867731081
"521",726,63,61.2383208223774
"522",728,61,55.5758562493979
"523",729,50,71.2324141698831
"524",730,61,59.6655803213652
"525",732,65,62.0249249275968
"526",734,66,66.5131323831053
"527",737,61,60.0415159258269
"528",739,65,60.5660652923594
"529",740,56,62.6489317189037
"530",741,65,66.6341396437098
"531",743,56,51.2720999514258
"532",745,57,63.5776288229692
"533",746,57,67.4636492886233
"534",747,61,68.1772295380526
"535",748,60,67.9497523341479
"536",749,65,57.1777385239693
"537",753,57,62.2158113101154
"538",754,50,65.2126357983196
"539",756,66,59.9434490412782
"540",757,53,51.0468441396514
"541",758,63,60.4958973199696
"542",759,62,64.9938298041422
"543",763,61,59.1865436716692
"544",765,59,56.0843940690542
"545",766,55,46.6551655750541
"546",767,49,60.2014346483705
"547",768,65,58.7001903640311
"548",769,61,60.5872000966974
"549",770,51,57.134468810451
"550",771,65,64.6518583321046
"551",775,52,59.2515379435627
"552",776,61,64.2023564280585
"553",777,56,63.4156067476958
"554",779,36,48.896035270542
"555",780,50,54.1982918886575
"556",781,52,58.627694603019
"557",782,65,56.2627961853001
"558",783,65,51.4387286463496
"559",785,59,69.392237150033
"560",787,64,63.9465904060592
"561",788,57,62.2959219546839
"562",791,70,56.1103633517169
"563",792,64,55.8495583163932
"564",793,65,44.2911419382487
"565",795,63,64.2685273677176
"566",796,63,44.1603211127497
"567",797,57,56.5910576521295
"568",799,65,62.0673954574897
"569",800,62,55.4396412410479
"570",801,62,64.2691220951549
"571",802,59,66.750234619575
"572",804,61,58.8179148979895
"573",806,61,58.5524174995876
"574",807,62,55.5250528885839
"575",808,57,53.712444103475
"576",810,66,53.7191548946003
"577",812,65,55.1938983518766
"578",813,54,56.9132097503132
"579",814,64,56.7240614444016
"580",815,73,56.3350077812225
"581",817,55,66.3652763121071
"582",819,65,67.7313081454797
"583",820,65,70.4669654721658
"584",821,62,65.4988841392583
"585",822,73,69.3216893512549
"586",823,64,67.5064101647163
"587",824,61,58.1350867067618
"588",826,66,65.732433154012
"589",827,66,73.8850792810029
"590",829,64,63.1234814543668
"591",831,64,65.9747250782959
"592",832,59,60.3705764805417
"593",835,57,63.5548894038597
"594",838,67,47.3173231996526
"595",839,52,44.4683001113643
"596",840,59,42.2330798108619
"597",843,70,56.741321073405
"598",844,62,62.0574920237032
"599",846,28,45.072966970246
"600",847,54,46.8466970217095
"601",848,65,49.6546356025301
"602",849,66,48.7050697177013
"603",850,64,63.9507630794917
"604",851,70,58.4770009974409
"605",852,64,62.8739430503459
"606",853,66,66.4149306726755
"607",855,63,57.0488763260929
"608",856,62,59.1154393236595
"609",857,69,64.0686055269005
"610",858,60,65.1880260986509
"611",860,55,64.8001773477269
"612",861,66,65.6821816307576
"613",864,62,65.1366405509432
"614",865,67,70.0752029208702
"615",866,68,73.86154690001
"616",867,73,70.3944122161708
"617",868,66,64.4144984862475
"618",870,67,66.73042098839
"619",873,66,61.1937293133369
"620",874,71,71.8551080739616
"621",875,73,74.0626228123609
"622",877,63,61.5526722651949
"623",878,65,65.7220893865974
"624",879,70,67.7868229499551
"625",882,62,61.6471471064278
"626",883,75,71.8434450582209
"627",884,67,63.9462240365247
"628",886,66,63.302198511206
"629",887,68,60.3740855696078
"630",888,65,59.3946796677606
"631",889,61,65.4680806025685
"632",891,70,61.3294949519912
"633",893,65,67.7146818501109
"634",894,64,67.3830289040527
"635",895,71,65.0952922834884
"636",896,67,58.5529507952735
"637",897,61,45.6118889382108
"638",899,67,68.7075515057918
"639",900,72,70.5623194350044
"640",901,63,67.7596105150722
"641",902,75,72.7473725413493
"642",903,58,43.1879126296007
"643",905,70,64.0019637116832
"644",908,69,68.2071768231637
"645",909,67,43.6685474086366
"646",912,69,65.6890235824415
"647",913,67,65.472058130481
"648",914,63,55.9276754235609
"649",915,63,53.8127657065832
"650",916,51,51.5227668433807
"651",917,70,59.445967214255
"652",918,65,57.9571212043331
"653",919,62,58.321388232186
"654",920,60,44.7690119400495
"655",922,72,59.2345010592963
"656",924,73,55.9295460319196
"657",925,62,64.2798490749538
"658",926,66,67.0466551091185
"659",928,68,58.7541855403665
"660",929,61,63.1196544079108
"661",930,69,62.715612842681
"662",932,60,61.6438609866205
"663",936,69,50.6616339568096
"664",937,68,69.2797137040922
"665",938,67,61.4459729995375
"666",939,64,62.058894731435
"667",940,69,69.6431126270434
"668",941,69,49.8966010715531
"669",942,65,64.8833541268608
"670",944,69,57.2193974599944
"671",945,70,58.9337274736633
"672",946,68,42.5369656030843
"673",947,63,52.9110758834414
"674",948,70,66.2371859569219
"675",949,55,43.5238665922458
"676",950,64,59.0323123130247
"677",952,68,62.024012060693
"678",955,73,70.3427919150426
"679",957,61,55.5608954182243
"680",958,64,57.2785360706388
"681",959,62,57.4003560773533
"682",960,71,54.0140461866062
"683",962,66,54.7194327985738
"684",963,61,62.0854562804224
"685",964,69,57.6698413074126
"686",966,73,56.3046813954733
"687",967,73,57.1251700796124
"688",968,73,54.5840090611123
"689",969,68,53.8625700893981
"690",970,64,57.1850908565851
"691",973,70,56.3679988246873
"692",974,74,57.1076397297379
"693",975,58,41.531525273337
"694",976,69,55.1329788760208
"695",979,69,58.9272405403307
"696",980,66,57.8509016713125
"697",981,58,54.4696597806751
"698",982,65,43.3668463556867
"699",983,63,55.2622491075294
"700",984,71,58.9999663610139
"701",986,76,53.9739472857364
"702",989,78,55.4904164728744
"703",992,78,58.1323468215943
"704",994,66,57.7965990974003
"705",997,67,58.9293017697574
"706",998,75,57.5525396784465
"707",1000,68,55.9255067557922
"708",1002,60,63.8837253107913
"709",1003,65,62.2481099853818
"710",1005,67,62.0920764072467
"711",1007,57,63.1538571618477
"712",1009,60,62.7186319370476
"713",1010,62,67.6230679348194
"714",1012,50,73.478289426367
"715",1013,50,76.0805727738207
"716",1015,57,71.43256512678
"717",1017,77,71.0644992008889
"718",1019,70,69.3481976275532
"719",1020,67,76.3081966116947
"720",1021,72,66.4790419205336
"721",1022,67,67.1272155313408
"722",1023,52,71.7201490884115
"723",1024,67,68.9694593067867
"724",1025,52,66.1817051519112
"725",1026,52,70.1747732581941
"726",1027,42,63.8955299809869
"727",1028,42,69.1737242166327
"728",1029,47,72.7209235808387
"729",1030,52,73.4998333426429
"730",1032,62,71.9847536208837
"731",1033,62,74.2028844065248
"732",1034,62,71.4700440614342
"733",1035,50,71.960708281695
"734",1037,67,72.2264003143184
"735",1038,57,72.8627578061968
"736",1039,62,64.525741842155
"737",1040,60,75.4718098757309
"738",1041,65,75.6542883617402
"739",1042,57,64.6500150424061
"740",1044,49,58.5350627849567
"741",1045,58,55.4849503570372
"742",1049,68,57.7641270089045
"743",1050,67,57.3667861470838
"744",1051,64,59.2747903301154
"745",1052,66,66.733963989731
"746",1053,70,59.739385553468
"747",1054,66,65.4490749612849
"748",1055,74,66.1344742456135
"749",1056,68,59.4440459099496
"750",1058,65,60.7858131978289
"751",1059,70,59.8086001209191
"752",1060,68,59.3391815478078
"753",1062,70,67.3355476017737
"754",1065,67,58.8671881160483
"755",1066,63,59.3371244279129
"756",1070,62,67.0784406170519
"757",1072,67,63.5049452056585
"758",1074,71,66.1206871044537
"759",1075,66,60.3974085967438
"760",1077,63,59.7881647405315
"761",1078,65,67.3793060576223
"762",1079,80,71.9354714204257
"763",1082,57,72.4069829630435
"764",1083,70,71.8558140137087
"765",1084,42,69.5338368611492
"766",1086,62,78.0287167997785
"767",1088,57,64.9865657842073
"768",1089,67,70.3179826439408
"769",1090,55,73.2305873010198
"770",1091,60,68.895726927693
"771",1092,47,68.8523001352976
"772",1093,77,77.3163274521295
"773",1094,60,71.7294672032216
"774",1095,57,79.2474069384444
"775",1096,47,65.7085740439739
"776",1097,67,73.1532087364339
"777",1100,69,56.6721459865272
"778",1101,67,57.1923691105454
"779",1103,57,52.0064914933729
"780",1105,56,52.2292236400626
"781",1107,63,55.718232869213
"782",1108,58,55.4371631095823
"783",1109,65,52.8154754180325
"784",1110,68,63.9561926727708
"785",1111,72,59.681715308691
"786",1113,69,58.1895273978429
"787",1114,56,57.1512950543231
"788",1115,68,59.9129228962394
"789",1116,66,56.962296696174
"790",1118,59,57.843705596381
"791",1119,70,67.7191692022789
"792",1121,69,56.4409190424568
"793",1123,71,60.8801585144417
"794",1124,66,62.4370722436134
"795",1127,75,62.2379465417131
"796",1128,72,63.6923496845832
"797",1129,74,59.7118311144057
"798",1130,70,64.5928500678353
"799",1133,66,61.6913482676489
"800",1135,72,60.1116662980592
"801",1136,69,58.3185924501518
"802",1137,71,60.1156070684167
"803",1138,65,60.54921746399
"804",1141,72,58.8407592487339
"805",1142,61,59.8473787636768
"806",1143,74,67.8795268267496
"807",1144,67,54.6273314726282
"808",1145,62,59.5273437654043
"809",1151,70,58.4173551535876
"810",1152,73,63.0240371337243
"811",1153,58,58.0442198681358
"812",1154,74,59.6563109549066
"813",1155,59,56.3909844606377
"814",1157,49,56.9594190462265
"815",1159,64,58.9118041757776
"816",1160,67,63.2878605266934
"817",1164,68,60.216595769381
"818",1165,61,60.7798481057171
"819",1166,73,56.5064880829643
"820",1167,59,64.0309170328243
"821",1168,70,57.7398097332243
"822",1170,74,60.4521668990295
"823",1172,63,58.5814243900029
"824",1173,73,64.6272493796744
"825",1174,67,61.4885895487343
"826",1175,57,60.0769993791121
"827",1177,64,55.4944106914794
"828",1179,58,57.2341407804906
"829",1180,73,56.9148414789858
"830",1182,66,60.1119354569883
"831",1183,61,59.1957491765347
"832",1184,70,58.0645036131042
"833",1185,4,43.082853222943
"834",1187,10,43.0435947597176
"835",1188,8,41.9609484903615
"836",1189,10,41.7551490709501
"837",1191,17,41.8227906243645
"838",1192,10,42.5137538476084
"839",1196,11,42.3456583987642
"840",1197,8,41.7494235204547
"841",1198,12,41.7440941792614
"842",1201,9,42.4724192750933
"843",1202,4,45.9559121419973
"844",1204,8,42.6599799282319
"845",1206,8,42.6719007111125
"846",1210,6,42.7326732728805
"847",1211,12,42.5140547819527
"848",1212,5,41.9497113095546
"849",1213,4,42.7196947157646
"850",1215,8,43.2608315906308
"851",1216,8,41.9663180988745
"852",1218,8,43.467420287301
"853",1219,11,43.4305196448645
"854",1221,6,42.2899557740402
"855",1224,12,41.6691352042348
"856",1226,9,41.9051017523113
"857",1227,10,41.6879753593044
"858",1229,23,42.1082694885366
"859",1231,24,41.905323337383
"860",1232,11,42.2252946130966
"861",1233,16,41.9307674154409
"862",1235,9,41.9944352621613
"863",1236,13,42.2603609652151
"864",1238,9,42.199765442433
"865",1245,6,42.355007045891
"866",1246,15,42.7983414857881
"867",1248,7,42.2498284078887
"868",1251,5,41.8930047949052
"869",1252,4,42.0701706008258
"870",1253,9,42.1439288708787
"871",1255,11,42.0833623360419
"872",1256,12,41.772313384108
"873",1257,22,42.2523573634
"874",1259,8,42.552080718332
"875",1260,11,41.7586332609131
"876",1262,18,42.6844285874641
"877",1263,18,42.3253581160012
"878",1264,13,42.9637610268465
"879",1266,7,43.4012530635852
"880",1269,15,42.4060284520625
"881",1270,23,43.5022393808561
"882",1271,15,41.9339708247622
"883",1274,15,42.0714957010474
"884",1276,8,42.9899501834218
"885",1277,11,42.4800576679438
"886",1280,14,42.1380193334922
"887",1281,16,43.0362533984856
"888",1282,17,42.1432570596523
"889",1283,5,41.8187364585739
"890",1286,21,42.3312196034087
"891",1287,13,43.0060554725067
"892",1289,14,44.1373798200819
"893",1290,22,42.0744864905613
"894",1291,32,42.2951460488016
"895",1294,20,41.5806910318733
"896",1296,20,41.3404741389577
"897",1299,11,42.5181278162474
"898",1300,4,43.903230299303
"899",1301,4,43.5592437322941
"900",1302,13,42.0186272439665
"901",1303,8,41.9787996856121
"902",1304,8,45.9612528454794
"903",1305,31,43.8751390952994
"904",1309,8,41.6701032848802
"905",1312,6,41.7747145955215
"906",1313,6,41.9449310612426
"907",1314,7,41.591178944415
"908",1315,7,41.6906526464638
"909",1316,15,41.783541506452
"910",1317,8,42.4360387056244
"911",1321,9,41.5738146725881
"912",1322,8,43.0840569987302
"913",1323,13,43.8144276245592
"914",1324,32,45.042441995422
"915",1325,17,42.3980115617027
"916",1326,30,44.4133709761006
"917",1327,30,42.1337191298733
"918",1329,36,42.3446759982103
"919",1332,14,43.9116617901121
"920",1333,12,41.7793941340439
"921",1334,16,41.9673524677185
"922",1335,32,42.1511132391831
"923",1338,41,42.1126516188387
"924",1340,13,43.8328972756157
"925",1341,24,46.1404037217617
"926",1342,46,41.3695520994086
"927",1344,26,42.0477159106006
"928",1345,8,41.5424005655959
"929",1346,31,41.3568162190781
"930",1349,8,41.5875711247638
"931",1351,9,41.7705671714359
"932",1352,28,41.7433334078495
"933",1353,12,42.064207433677
"934",1354,6,42.5214081414688
"935",1355,4,42.7247547270057
"936",1356,5,42.180878986918
"937",1358,9,41.3964911625858
"938",1359,8,42.3868015433089
"939",1360,6,43.0394630684664
"940",1362,24,41.5978360377354
"941",1363,17,41.8031872095399
"942",1364,14,42.536469729084
"943",1366,11,42.6426759809604
"944",1367,18,41.8482875191345
"945",1368,16,41.7273322350703
"946",1370,20,41.7471397678098
"947",1375,45,41.5235052942742
"948",1376,41,42.1727269065821
"949",1377,33,42.9577097090545
"950",1378,37,48.1569957071416
"951",1379,26,42.4173344807718
"952",1381,41,42.6243319947583
"953",1384,40,43.1618106625662
"954",1385,40,42.9681934324554
"955",1387,30,42.9839107964214
"956",1390,27,46.2690391470115
"957",1392,40,46.9731698085203
"958",1393,34,44.5292411259506
"959",1394,31,43.0881856085362
"960",1395,25,45.0599590911985
"961",1397,28,44.9934896585485
"962",1398,27,42.8522937574432
"963",1399,24,42.8152919249758
"964",1400,22,44.362700895816
"965",1401,15,46.3002051089664
"966",1402,29,44.0745921688458
"967",1404,21,43.0625465526356
"968",1405,26,43.0560238242384
"969",1408,32,42.9151504046575
"970",1409,30,42.2606888748369
"971",1410,29,42.4306216472641
"972",1411,7,42.9336937641242
"973",1413,10,43.7258259570358
"974",1414,9,43.8891372095199
"975",1415,10,42.9034582266848
"976",1419,27,42.0420596190979
"977",1421,28,42.827752029563
"978",1423,21,46.2565795402402
"979",1425,22,42.9058612070901
"980",1428,8,46.5573707768333
"981",1429,8,45.7159886367862
"982",1431,10,41.9521870195536
"983",1432,9,44.4594562187962
"984",1433,16,44.9177039220414
"985",1434,34,46.1552366020174
"986",1435,34,42.6532633318765
"987",1436,36,45.2251998322987
"988",1437,32,50.641553619311
"989",1438,25,48.462506919931
"990",1439,32,44.7528050590751
"991",1440,29,45.1829209370523
"992",1441,30,43.8416823885385
"993",1442,15,42.5581519912075
"994",1443,47,42.0295815916905
"995",1445,50,43.1577002771845
"996",1446,39,47.1543763848939
"997",1447,32,43.1350374319206
"998",1448,25,41.8616979226828
"999",1449,37,42.9024458055749
"1000",1453,19,42.3151710686961
"1001",1455,26,41.9027001138369
"1002",1456,18,41.9923121449051
"1003",1457,26,42.9931706351138
"1004",1458,17,44.9743515730703
"1005",1459,17,45.4202417914773
"1006",1460,23,44.2972062324466
"1007",1461,13,45.0100302398619
"1008",1462,11,42.603683762832
"1009",1463,4,42.7552057113077
"1010",1464,9,42.2117979085465
"1011",1467,31,41.8153257632538
"1012",1470,4,46.0542467778942
"1013",1472,25,42.3666265098901
"1014",1473,30,42.7145930238251
"1015",1474,10,42.6868360121807
"1016",1475,12,42.653732842842
"1017",1476,27,42.0196219721662
"1018",1477,31,42.6762498593866
"1019",1479,20,42.428757199844
"1020",1481,30,42.5815723112949
"1021",1483,15,43.8125437843624
"1022",1485,12,42.3204766321077
"1023",1486,6,42.4090182260571
"1024",1488,55,44.5989536179906
"1025",1490,65,44.1816672449544
"1026",1492,57,45.4502910390985
"1027",1493,58,45.8611918939018
"1028",1494,55,47.8945286293437
"1029",1495,69,47.440551880587
"1030",1497,65,44.7540344376469
"1031",1499,53,45.4801225953427
"1032",1500,65,47.2040262293638
"1033",1502,57,43.7714985884166
"1034",1506,54,42.8240023272118
"1035",1508,63,46.1976072580848
"1036",1509,65,46.5823886356613
"1037",1510,66,47.305939052691
"1038",1511,66,46.4224539477584
"1039",1512,49,47.9414253357273
"1040",1513,53,46.8729668187299
"1041",1515,75,53.7596724775386
"1042",1516,76,59.1721505471463
"1043",1519,29,42.5771069325999
"1044",1520,35,43.9131129575528
"1045",1521,40,43.6818966003573
"1046",1524,56,47.1947235606495
"1047",1525,64,49.1398127940748
"1048",1527,49,49.0812345214665
"1049",1528,52,50.0522507712639
"1050",1529,55,52.0297722842478
"1051",1530,67,51.020461357166
"1052",1532,65,46.721470216524
"1053",1534,56,47.4347776832327
"1054",1536,43,51.6042062049806
"1055",1537,32,47.2416177017091
"1056",1539,40,48.3657481123623
"1057",1540,66,48.1469861032372
"1058",1541,67,49.3160394875673
"1059",1542,62,48.4370145734217
"1060",1543,60,49.5164209457114
"1061",1544,58,52.2176405039624
"1062",1546,70,47.6904959441633
"1063",1548,60,50.3020437257886
"1064",1549,58,51.8781476863642
"1065",1550,66,48.6978126372465
"1066",1551,68,45.1438346049825
"1067",1552,48,49.3505517407872
"1068",1553,44,49.5716516973444
"1069",1554,58,53.656522258255
"1070",1555,62,46.0111591748991
"1071",1556,45,48.6380600153555
"1072",1557,60,45.8398736956415
"1073",1559,56,47.7949330485854
"1074",1561,24,50.4751152627295
"1075",1562,22,51.8092274646895
"1076",1564,18,44.1853693362773
"1077",1565,22,44.2156642538731
"1078",1567,29,45.7054558101352
"1079",1568,60,49.7464674089602
"1080",1569,61,48.3278159229798
"1081",1570,64,53.5851161080875
"1082",1572,80,52.8798616327302
"1083",1575,42,42.4221466635852
"1084",1576,48,42.839876999327
"1085",1577,34,42.7052412885959
"1086",1579,52,43.7284218683496
"1087",1580,60,44.6482568991596
"1088",1581,67,44.4750922644429
"1089",1582,54,53.063532750376
"1090",1583,57,48.9215247979435
"1091",1584,54,49.5153702682003
"1092",1585,65,45.8561435180141
"1093",1586,53,44.3641342551864
"1094",1587,61,50.7254729766292
"1095",1589,71,49.6672602821466
"1096",1590,73,45.8269593691897
"1097",1592,33,44.8104756637654
"1098",1593,35,45.9128316057035
"1099",1594,40,44.3535531094833
"1100",1595,44,46.5861204970439
"1101",1596,49,50.8991674555327
"1102",1598,49,54.6652533230003
"1103",1599,68,51.0277701918099
"1104",1600,68,54.6304519760957
"1105",1601,67,49.328286404124
"1106",1603,62,53.4291598347809
"1107",1604,63,54.1187339709154
"1108",1607,70,53.7426125711749
"1109",1608,71,56.9835959775539
"1110",1609,43,44.4377191939768
"1111",1610,46,44.5231365590336
"1112",1614,60,46.9914611215475
"1113",1615,58,50.8581894002459
"1114",1616,66,51.8698145982023
"1115",1617,72,49.7061279205185
"1116",1618,60,46.1576799630909
"1117",1619,62,47.555528824091
"1118",1620,62,47.2133308525513
"1119",1622,44,46.3141939137097
"1120",1626,70,48.1878248878821
"1121",1627,67,49.6437073826524
"1122",1628,15,42.1115401653305
"1123",1629,16,43.4800402730697
"1124",1631,21,44.2362528414267
"1125",1633,25,43.2265584737968
"1126",1634,31,43.9695391698838
"1127",1635,38,44.2894194685637
"1128",1637,45,44.0661490215874
"1129",1638,72,46.6769937442758
"1130",1639,75,45.6540382908393
"1131",1640,75,46.6020076658503
"1132",1641,78,48.5094626412835
"1133",1644,42,43.8399415184337
"1134",1645,34,44.2481795773258
"1135",1647,65,52.4890931486644
"1136",1648,62,53.707731673452
"1137",1649,65,54.0799736531545
"1138",1650,69,48.3964866748986
"1139",1651,75,50.5185365842405
"1140",1652,69,46.5284793158824
"1141",1653,72,46.1288925372355
"1142",1654,76,49.8074947807469
"1143",1655,78,48.1601436962579
"1144",1656,78,48.3700812687769
"1145",1659,67,48.9635931105146
"1146",1660,60,46.448187249414
"1147",1661,65,47.4438047150051
"1148",1663,66,48.4016479227541
"1149",1665,57,46.1427696163876
"1150",1666,45,44.058017825925
"1151",1667,50,44.6654598695125
"1152",1668,60,44.5418673927885
"1153",1669,65,44.8208565505269
"1154",1670,72,45.5753974202179
"1155",1671,59,44.8946286396356
"1156",1672,58,43.9221902404263
"1157",1673,60,43.6792357311636
"1158",1674,65,43.5528050854492
"1159",1676,52,44.7240954186879
"1160",1677,53,44.4206607775748
"1161",1678,62,45.9244614484151
"1162",1679,59,44.6608634762917
"1163",1680,52,44.4225313193016
"1164",1681,51,44.3100411651536
"1165",1682,50,44.9649405404599
"1166",1683,46,44.6427268926449
"1167",1684,53,43.1743438556198
"1168",1685,60,42.8893965862916
"1169",1686,59,46.5936792824679
"1170",1689,71,48.9667052385219
"1171",1690,71,48.8167398839586
"1172",1691,56,44.4171856110647
"1173",1693,59,45.5966237926473
"1174",1694,61,45.8121187436672
"1175",1695,53,43.2910131622795
"1176",1696,62,44.4587257348115
"1177",1697,65,45.6340798119133
"1178",1699,34,41.4650622255497
"1179",1700,43,44.3154264474281
"1180",1701,36,44.3772213486948
"1181",1703,58,44.6762901011779
"1182",1704,61,43.9326600946342
"1183",1705,63,44.7712797576548
"1184",1706,69,44.4671606556494
"1185",1708,58,46.2775414814749
"1186",1709,52,46.5233418374588
"1187",1710,52,47.2953185951763
"1188",1711,60,46.5964786330901
"1189",1712,33,43.1993721159715
"1190",1715,44,45.5370199323846
"1191",1716,46,45.163674199129
"1192",1717,55,45.3608524405652
"1193",1718,53,44.1405422222506
"1194",1719,53,44.5546057653455
"1195",1720,55,42.3235748125501
"1196",1721,61,44.8238740623895
"1197",1722,66,44.3015013998212
"1198",1723,69,45.9709551591096
"1199",1724,71,46.1199171452779
"1200",1726,55,45.5164376033323
"1201",1727,56,45.1496795587865
"1202",1728,56,44.7322425672119
"1203",1729,69,44.1018861659596
"1204",1730,70,44.9805857792385
"1205",1732,33,42.9658943272907
"1206",1734,36,44.4872221208642
"1207",1736,35,43.3433488122016
"1208",1737,44,43.1214881886114
"1209",1739,53,43.6820261727876
"1210",1740,57,43.5052126904965
"1211",1742,55,46.2937225687986
"1212",1745,71,50.3421190483073
"1213",1747,32,47.5927636703838
"1214",1749,21,42.6046926558757
"1215",1750,47,43.7395776962937
"1216",1751,41,43.9261577093403
"1217",1752,46,43.69832104711
"1218",1753,60,42.9398453063515
"1219",1754,65,43.533915474894
"1220",1758,70,57.7147115986289
"1221",1760,74,58.4277865717436
"1222",1761,32,53.6911081328535
"1223",1762,51,53.709225213341
"1224",1763,48,52.6906244722606
"1225",1764,67,54.1270832990336
"1226",1765,70,54.3706161360548
"1227",1766,55,48.0334444686044
"1228",1768,73,56.6666111307604
"1229",1770,79,57.2838864251831
"1230",1771,79,56.3161986679489
"1231",1772,76,56.7469186282027
"1232",1773,55,52.5298042118273
"1233",1774,66,53.2721443321879
"1234",1775,69,56.4514912856426
"1235",1777,79,56.0726779510119
"1236",1778,79,59.6991334486468
"1237",1780,68,52.5213016376154
"1238",1781,64,52.2658839584066
"1239",1782,79,52.4140378155259
"1240",1783,82,54.2319725410292
"1241",1785,58,47.1522225972698
"1242",1786,69,50.3643306261898
"1243",1787,74,47.7121536281783
"1244",1788,61,44.6546218947863
"1245",1789,63,50.3445131780753
"1246",1794,58,50.3336358633879
"1247",1795,67,55.42757654942
"1248",1797,74,53.2830502574423
"1249",1798,67,49.3052227403418
"1250",1799,42,41.3742575134566
"1251",1800,37,45.3914731917022
"1252",1801,43,46.4011792738552
"1253",1802,41,44.1640389886145
"1254",1803,45,41.3560727984237
"1255",1804,61,43.2319319888972
"1256",1806,69,41.8919456906661
"1257",1807,48,41.8548837522656
"1258",1809,51,41.3265513144145
"1259",1812,73,43.2843944545604
"1260",1814,43,41.3759906691997
"1261",1815,47,41.3110805524656
"1262",1816,61,43.240781118788
"1263",1817,67,43.0506274833955
"1264",1818,75,42.4958079715279
"1265",1819,42,41.7516798361745
"1266",1820,42,41.7221959549814
"1267",1822,51,41.8557452970954
"1268",1824,73,41.9539797727221
"1269",1826,68,42.3968051687223
"1270",1827,69,42.0899664320851
"1271",1828,42,41.7482652096166
"1272",1831,61,46.2630778487057
"1273",1833,54,42.5165557576474
"1274",1834,67,42.4433478878455
"1275",1835,72,43.1270141687121
"1276",1836,57,42.2221624474785
"1277",1837,66,43.5851635038864
"1278",1839,49,41.700186268768
"1279",1840,57,42.0810457119785
"1280",1842,72,42.1739649341129
"1281",1843,75,42.0807343243988
"1282",1844,56,42.0360369543865
"1283",1846,71,42.6296219037066
"1284",1847,72,43.5086278204792
"1285",1848,64,42.0961119876554
"1286",1849,67,42.6724785949147
"1287",1850,73,42.0280807260142
"1288",1851,59,45.5728895156232
"1289",1852,66,44.4431272077084
"1290",1854,60,43.9259243670594
"1291",1855,66,42.7575426934801
"1292",1856,70,42.1455311253966
"1293",1858,68,44.4435871700986
"1294",1859,75,43.4118876360129
"1295",1861,65,44.8875701366049
"1296",1862,70,43.6118765754699
"1297",1864,64,42.9413426614759
"1298",1866,48,41.5703765044313
"1299",1867,74,42.8145973292533
"1300",1868,71,43.0119179511157
"1301",1869,69,41.8688007807064
"1302",1871,70,42.3550911657563
"1303",1872,55,42.9643762121753
"1304",1873,58,42.3201280080483
"1305",1874,64,42.3356448359704
"1306",1875,67,44.2353811119454
"1307",1876,72,43.7179009240657
"1308",1877,67,46.0948622661529
"1309",1882,62,43.2682115569034
"1310",1883,53,44.0873664076744
"1311",1884,65,43.002791065187
"1312",1885,50,42.922518190251
"1313",1886,59,45.9405801610063
"1314",1887,67,42.4692824251596
"1315",1888,56,41.6349952233817
"1316",1889,50,43.9488489346165
"1317",1890,53,42.9103226729542
"1318",1891,61,42.8882345304073
"1319",1892,59,45.274151730922
"1320",1894,53,44.60056924903
"1321",1895,37,42.4909144528563
"1322",1897,69,45.4636202745326
"1323",1898,62,46.5738296055388
"1324",1899,66,41.9025744277018
"1325",1901,71,42.7247583341789
"1326",1902,77,41.9197621648412
"1327",1903,61,46.2717910619155
"1328",1904,68,46.7604660318536
"1329",1905,68,45.9758559777675
"1330",1906,68,41.3123463749927
"1331",1907,63,44.4531096421027
"1332",1910,65,46.140921621198
"1333",1912,48,45.5068334737663
"1334",1913,62,45.2959405180515
"1335",1915,70,47.5009846279004
"1336",1916,55,45.9331600573379
"1337",1917,70,42.0103953319117
"1338",1919,64,45.3058687848058
"1339",1920,73,45.5719074554158
"1340",1921,62,45.2463793813183
"1341",1922,65,45.2940095456787
"1342",1928,64,42.2362603422886
"1343",1929,69,41.9697121178055
"1344",1932,49,41.1542442463737
"1345",1934,56,41.1161617191718
"1346",1935,63,44.8888747300924
"1347",1937,61,44.3918683000091
"1348",1939,41,41.2786227693444
"1349",1941,69,45.9148007404158
"1350",1943,45,41.5302187955613
"1351",1944,63,42.0281520654852
"1352",1945,71,42.0987624755672
"1353",1946,70,42.0987624755672
"1354",1947,51,45.7587923804869
"1355",1948,56,48.0729949010024
"1356",1949,66,45.6933995039111
"1357",1952,61,42.8781025743162
"1358",1953,67,41.4713466728065
"1359",1954,48,60.2604971913743
"1360",1955,56,66.4196061826599
"1361",1956,53,62.8953201313861
"1362",1957,53,70.5222613153346
"1363",1960,50,58.9789793835764
"1364",1961,55,66.1926784970188
"1365",1962,50,64.4735927303937
"1366",1963,50,64.1746932121625
"1367",1968,50,66.7354644254074
"1368",1969,50,64.9378915270718
"1369",1972,55,60.807045398813
"1370",1973,55,63.2245793499116
"1371",1974,63,67.8432699269811
"1372",1975,52,67.5476040469063
"1373",1976,50,64.315727390755
"1374",1978,53,61.7688651026396
"1375",1979,48,62.4926578479128
"1376",1980,63,65.2165383533465
"1377",1981,51,62.1887198321518
"1378",1982,52,67.2683303496198
"1379",1983,60,63.9159841021047
"1380",1984,54,63.1252633430199
"1381",1985,50,63.1882442269542
"1382",1986,56,73.6128854895733
"1383",1987,52,65.480940079912
"1384",1988,66,45.7203844581524
"1385",1989,66,64.9444287560998
"1386",1992,64,72.1493032747218
"1387",1993,63,60.2545732951936
"1388",1995,54,64.8537697599443
"1389",1996,49,65.3414507414162
"1390",1997,59,61.8197192246309
"1391",1999,59,66.7439182932315
"1392",2003,54,66.3966343407266
"1393",2004,52,66.1599354195303
"1394",2005,56,65.4407926685631
"1395",2006,50,68.8355127727346
"1396",2008,51,66.791366586629
"1397",2009,51,62.2971724811943
"1398",2010,56,59.9759131012627
"1399",2011,62,62.9848024377265
"1400",2012,54,61.1233291052545
"1401",2013,49,65.492060378124
"1402",2014,62,62.2413955144105
"1403",2015,59,65.3908540747005
"1404",2016,56,62.7993532009302
"1405",2017,63,68.6314107767896
"1406",2018,57,60.2310210323019
"1407",2021,55,66.8052975169055
"1408",2022,50,66.0364415420821
"1409",2023,56,62.7347770332514
"1410",2025,30,44.2082483135944
"1411",2027,38,42.0089051192612
"1412",2030,40,47.5439633253565
"1413",2031,61,44.7476383828045
"1414",2032,43,47.178766181788
"1415",2034,43,46.8835341651866
"1416",2035,42,44.2594777215447
"1417",2036,42,47.8571425169115
"1418",2037,39,43.1921709310625
"1419",2039,33,43.26506693493
"1420",2040,38,43.7447108079527
"1421",2041,53,43.2459407623407
"1422",2044,43,49.0268451180436
"1423",2047,48,48.3681458886101
"1424",2048,53,53.4890482545791
"1425",2049,54,52.8767763564004
"1426",2050,56,59.2012252261697
"1427",2052,59,63.6222920542704
"1428",2053,58,60.105450413456
"1429",2054,63,61.9294928750209
"1430",2056,48,54.2732082026374
"1431",2057,57,59.6279178179954
"1432",2058,61,59.2863487234931
"1433",2059,58,62.7803326883193
"1434",2060,35,46.5817007278473
"1435",2061,42,50.2156389192377
"1436",2062,52,47.3701421517042
"1437",2063,44,49.2477665527041
"1438",2064,53,48.7921975542286
"1439",2065,53,46.8481344056266
"1440",2066,39,48.6296304089252
"1441",2067,61,51.3710531283353
"1442",2068,53,59.577696010528
"1443",2069,66,64.5584714168345
"1444",2070,58,61.4414125208782
"1445",2071,41,54.563426799608
"1446",2072,56,59.1674320824026
"1447",2073,50,58.8245993225034
"1448",2074,50,61.9503441350211
"1449",2075,59,59.2708055365814
"1450",2076,51,60.399444041104
"1451",2077,55,61.325656038079
"1452",2078,64,60.7709431996655
"1453",2079,49,60.3004215671813
"1454",2080,59,57.3493305553606
"1455",2081,49,58.7510096088852
"1456",2082,61,59.0123698714138
"1457",2083,48,61.1731213259079
"1458",2084,66,68.2048496146413
"1459",2086,49,65.7315745954839
"1460",2088,72,65.4443927700874
"1461",2091,54,64.8575338364587
"1462",2092,50,65.1597630951733
"1463",2093,50,60.7456099727167
"1464",2095,69,61.1224519650534
"1465",2096,57,56.5449387037507
"1466",2097,53,62.4222483827644
"1467",2098,55,53.8741405243797
"1468",2099,60,61.2495917046016
"1469",2100,61,58.954079421491
"1470",2101,35,47.0596545406993
"1471",2104,62,56.581096139006
"1472",2105,55,55.1612886654922
"1473",2106,60,57.7239229784025
"1474",2107,52,62.4870831654362
"1475",2109,63,65.8431261094661
"1476",2110,71,61.4201575013081
"1477",2111,50,63.443686415659
"1478",2114,59,66.0652572127407
"1479",2115,54,58.2483636962208
"1480",2116,56,60.3612408127518
"1481",2121,34,42.7671621659734
"1482",2123,62,61.7061119349519
"1483",2125,68,61.7058668161744
"1484",2126,62,57.9741561261357
"1485",2127,55,55.9113407529456
"1486",2130,58,64.2161438298208
"1487",2131,57,50.0398505091613
"1488",2132,50,50.0007113845602
"1489",2134,48,58.1414757550953
"1490",2135,38,44.0008023670951
"1491",2136,53,61.5488637938968
"1492",2137,58,53.8157511232945
"1493",2138,35,48.3335244458729
"1494",2139,61,59.7615285389951
"1495",2140,51,63.8985958265691
"1496",2142,49,53.4119709360327
"1497",2143,49,54.5425242627486
"1498",2144,61,60.5808207884693
"1499",2145,50,56.5377087924388
"1500",2146,59,57.5189302506183
"1501",2147,36,44.9145814273581
"1502",2149,32,54.6129643399894
"1503",2151,50,51.2398609068357
"1504",2152,69,53.6375574840043
"1505",2154,54,56.8750673501003
"1506",2156,56,44.3847857992587
"1507",2157,28,42.8684106242216
"1508",2158,50,58.4545067429015
"1509",2161,52,55.1311096712539
"1510",2162,57,55.6136801304946
"1511",2163,48,58.9647281469646
"1512",2164,53,60.3691742391212
"1513",2165,73,60.6782251920547
"1514",2166,58,64.7671859603143
"1515",2167,55,56.9148424735947
"1516",2168,42,49.0802396369143
"1517",2170,31,55.5954145674912
"1518",2172,42,48.0035126307973
"1519",2175,48,65.5674472302826
"1520",2176,49,56.7139401969704
"1521",2177,48,63.9465904060592
"1522",2179,56,57.8541665817965
"1523",2183,60,44.1428713916222
"1524",2184,62,47.2947918325781
"1525",2185,51,64.3404494170398
"1526",2186,59,43.8732854849099
"1527",2187,52,53.0124116382278
"1528",2189,54,59.7297010987218
"1529",2190,57,62.5189315318562
"1530",2191,67,55.4396412410479
"1531",2192,57,56.9027062960524
"1532",2194,62,63.8289001931971
"1533",2195,51,50.3158708223728
"1534",2196,55,50.5786266997262
"1535",2197,53,50.8522268967375
"1536",2198,47,43.1254164063589
"1537",2200,42,47.2318198564054
"1538",2202,51,56.800691694298
"1539",2203,59,55.8892606190767
"1540",2204,57,53.6691941241969
"1541",2205,50,54.8473316465495
"1542",2206,55,57.9138666257795
"1543",2207,58,53.9524150437006
"1544",2208,58,52.8635129606295
"1545",2209,62,54.9400558863721
"1546",2210,51,59.7953352486731
"1547",2211,59,54.4192008934576
"1548",2212,60,52.7591838640872
"1549",2213,55,53.1459325391399
"1550",2216,58,66.1130694770901
"1551",2217,50,75.5037672473886
"1552",2218,66,66.4673305886316
"1553",2219,55,68.8151026199147
"1554",2220,53,65.0566735914743
"1555",2221,56,64.8884549495822
"1556",2222,51,75.694986227165
"1557",2224,54,69.1753349403391
"1558",2228,60,73.5569976847274
"1559",2230,64,69.4396521531529
"1560",2231,61,67.4346431011235
"1561",2232,50,65.9668015447751
"1562",2233,58,67.5434349442991
"1563",2234,53,68.2227984292148
"1564",2236,58,64.2849796384914
"1565",2237,65,63.058751139904
"1566",2238,57,65.0655159665643
"1567",2239,57,60.3562291433506
"1568",2240,60,60.1638389349175
"1569",2241,62,73.3510283074314
"1570",2243,55,69.468046828227
"1571",2246,61,43.9879569068597
"1572",2247,55,59.5137817476693
"1573",2248,61,74.0897700238815
"1574",2249,56,64.2446384956738
"1575",2251,62,60.800266806301
"1576",2252,60,68.4025383850813
"1577",2253,61,72.3341509707772
"1578",2255,63,72.9741674226278
"1579",2257,57,70.0375775085662
"1580",2258,65,43.9879569068597
"1581",2259,67,72.2396927105985
"1582",2260,54,72.147929562965
"1583",2261,58,63.6389568153287
"1584",2262,58,72.0966003825203
"1585",2263,51,64.1948839177716
"1586",2265,57,69.6047850329036
"1587",2266,60,43.5486142282673
"1588",2267,49,45.5088232638649
"1589",2268,64,42.2178645879486
"1590",2271,42,43.9462957132536
"1591",2273,45,45.7519347698693
"1592",2275,58,43.6364888998231
"1593",2277,57,42.9316928106511
"1594",2278,38,43.2295832291519
"1595",2279,50,43.9879569068597
"1596",2280,56,42.9768433007587
"1597",2282,39,45.0083892109293
"1598",2283,57,43.7809837989426
"1599",2284,57,46.6532227139452
"1600",2285,50,54.959203045072
"1601",2286,50,64.693008362901
"1602",2288,61,72.2936993535538
"1603",2289,55,70.567500017466
"1604",2293,35,46.6235700489078
"1605",2294,67,47.9815220385506
"1606",2295,44,47.5984078304163
"1607",2297,63,63.696023431647
"1608",2298,58,64.2782595092235
"1609",2299,59,52.5426710807281
"1610",2301,63,64.6352169017906
"1611",2302,57,64.593823279687
"1612",2304,54,51.8796561367644
"1613",2305,48,52.3567019789641
"1614",2307,56,52.4972954031886
"1615",2310,62,52.1166040417665
"1616",2311,56,56.5362794034604
"1617",2314,55,61.8413247070643
"1618",2315,57,57.2833485203115
"1619",2316,66,62.5316070904994
"1620",2318,66,58.0079567856077
"1621",2319,50,43.0815118485561
"1622",2320,63,48.2380243783516
"1623",2323,65,54.5743428577022
"1624",2324,63,55.0184319949589
"1625",2325,62,67.3750235540139
"1626",2326,60,68.522821956021
"1627",2328,55,65.2079732641463
"1628",2329,59,66.9107437285594
"1629",2330,59,60.1363624648133
"1630",2331,62,66.6032001023655
"1631",2332,64,63.7880624195601
"1632",2334,61,73.2229512136613
"1633",2335,62,73.0831525311437
"1634",2336,53,70.9350826628599
"1635",2337,65,70.4197623607876
"1636",2339,63,75.4390914202815
"1637",2340,69,60.0336019837163
"1638",2341,58,61.9796156606572
"1639",2344,58,70.5753958613635
"1640",2345,67,66.3098777947414
"1641",2346,63,68.8813423044267
"1642",2348,70,73.1591383138367
"1643",2350,68,68.1690519133737
"1644",2351,63,71.6723144994266
"1645",2352,64,72.9694583337686
"1646",2353,59,66.8361590784651
"1647",2354,68,72.915856246173
"1648",2355,62,43.4222840445491
"1649",2358,58,74.5772361834005
"1650",2360,67,59.192509427205
"1651",2361,68,70.9103419654604
"1652",2362,66,66.0443551059998
"1653",2363,58,71.606911683841
"1654",2365,63,68.6274313966337
"1655",2367,66,43.4222840445491
"1656",2368,65,72.5819077794128
"1657",2369,58,66.2210040375113
"1658",2370,64,61.5420234648848
"1659",2372,63,69.925373464185
"1660",2373,62,65.2436413210473
"1661",2374,57,70.5684520585518
"1662",2375,72,43.7648833883729
"1663",2377,59,42.4117970392124
"1664",2379,74,45.6152504954186
"1665",2380,61,46.6436146514026
"1666",2381,59,42.1787183984329
"1667",2385,60,45.4288547607861
"1668",2387,39,42.8052918130642
"1669",2388,50,43.2415882430957
"1670",2389,43,42.2126303431191
"1671",2391,56,44.7881029974481
"1672",2393,39,43.7319600404146
"1673",2394,61,56.7642423627208
"1674",2396,61,68.5322706946983
"1675",2397,65,70.1815260850999
"1676",2398,61,70.8254446991177
"1677",2400,65,73.4034771087584
"1678",2401,63,45.6040770548731
"1679",2403,74,67.6157857122003
"1680",2404,63,66.1770029368087
"1681",2405,64,66.4917554342663
"1682",2406,65,55.3090539587067
"1683",2407,67,64.3087293350951
"1684",2410,56,63.5050495340395
"1685",2411,69,48.3607726385716
"1686",2412,39,51.3136877144382
"1687",2413,67,59.643172561927
"1688",2414,67,60.9958002091581
"1689",2415,68,42.9954312700326
"1690",2417,65,53.9416843850954
"1691",2418,63,54.5226623811084
"1692",2419,60,44.3847857992587
"1693",2420,68,42.0378929486497
"1694",2422,63,57.1546227769646
"1695",2423,66,58.1822901528346
"1696",2424,68,58.6557980370194
"1697",2425,71,58.1939249669997
"1698",2426,56,59.9559561010921
"1699",2427,65,42.5060960523807
"1700",2430,55,55.471927115735
"1701",2431,61,59.176823424097
"1702",2433,70,58.2361096370972
"1703",2435,75,56.5935063684788
"1704",2436,62,45.5705710632566
"1705",2437,69,45.5297121893541
"1706",2438,54,43.2713494104378
"1707",2439,67,55.0999337766176
"1708",2441,70,41.8497042153107
"1709",2442,73,56.4659075384634
"1710",2443,70,57.1403330707306
"1711",2445,66,42.1664281202853
"1712",2447,66,45.8551824428905
"1713",2449,50,43.5763892518017
"1714",2450,78,53.2046429584398
"1715",2451,53,44.4057396505943
"1716",2452,74,41.5250097146077
"1717",2453,77,54.426716906379
"1718",2454,75,58.2751122737604
"1719",2455,75,56.8608384815568
"1720",2456,61,41.8126558270802
"1721",2457,52,42.3270129373677
"1722",2458,80,56.5010741323379
"1723",2460,68,47.8980527345506
"1724",2461,75,50.2011340530523
"1725",2462,74,47.6887276876929
"1726",2464,56,45.8660680679355
"1727",2465,57,44.2337599845451
"1728",2466,61,43.4114097669242
"1729",2467,54,44.081354984005
"1730",2468,58,42.7349607580246
"1731",2469,42,44.464671484291
"1732",2470,56,53.1986006488311
"1733",2471,57,49.3017879184237
"1734",2472,56,53.5482748459702
"1735",2473,61,49.4213747673093
"1736",2474,53,53.933452259057
"1737",2476,57,45.4281155546238
"1738",2477,45,46.0874316177397
"1739",2478,48,46.413087711809
"1740",2479,59,44.5816369506654
"1741",2481,36,47.0032642706925
"1742",2482,54,43.7035827422818
"1743",2483,43,42.6750137512071
"1744",2485,63,41.9194834612721
"1745",2487,65,42.3698524326471
"1746",2488,59,43.6556915991217
"1747",2489,56,42.5623276193007
"1748",2490,48,41.7317762777492
"1749",2491,56,42.2388134618263
"1750",2494,54,42.4811675761669
"1751",2498,57,42.4867555753439
"1752",2499,43,42.1399748090813
"1753",2500,48,42.1264339320409
"1754",2501,55,42.0204918141698
"1755",2504,42,42.1129103134344
"1756",2506,58,46.1887555816198
"1757",2508,55,42.044388496217
"1758",2509,57,41.9295199273641
"1759",2510,53,45.0761637596428
"1760",2512,50,44.0943051097122
"1761",2515,55,41.9559952996774
"1762",2517,50,41.7800957821234
"1763",2518,58,42.4691959073996
"1764",2519,57,42.0776180954587
"1765",2520,61,42.1492542116742
"1766",2521,61,42.19662234752
"1767",2522,61,42.4876720802655
"1768",2523,63,42.9633862892184
"1769",2525,55,43.3561283820739
"1770",2527,57,47.7260295677049
"1771",2528,48,46.6746607151333
"1772",2530,45,45.5416035585827
"1773",2531,64,42.4492378465274
"1774",2533,63,43.7431867256784
"1775",2534,55,43.0327632805279
"1776",2536,49,45.8390145000486
"1777",2539,56,46.6654638701478
"1778",2540,51,44.0547116647219
"1779",2543,47,43.2277821042907
"1780",2544,66,43.2249372959664
"1781",2545,49,43.4463621944424
"1782",2546,48,43.8999687574658
"1783",2547,63,43.506911205355
"1784",2548,56,43.8209131943283
"1785",2549,54,43.6141186652
"1786",2550,49,43.0572062297748
"1787",2551,55,44.2483977506072
"1788",2552,61,44.7509786022307
"1789",2554,49,42.6272803564032
"1790",2555,55,46.107610166939
"1791",2558,49,44.1255141564541
"1792",2559,48,25.6177923810384
"1793",2560,60,44.1856347747517
"1794",2561,55,41.9474450625353
"1795",2563,60,44.5144467312216
"1796",2564,60,42.1478982398175
"1797",2565,58,46.2680688194993
"1798",2566,66,44.9853108378931
"1799",2568,56,44.9048358644265
"1800",2569,39,46.4191769110032
"1801",2570,57,46.3720980735345
"1802",2571,51,46.5120850658579
"1803",2573,64,45.9164379263614
"1804",2574,47,45.0723272606482
"1805",2575,51,44.1249017183559
"1806",2578,70,42.5912947101551
"1807",2580,56,42.9743302222219
"1808",2581,53,45.361264645106
"1809",2582,58,44.6233690842636
"1810",2583,62,42.7323207224687
"1811",2584,36,52.2031237277273
"1812",2585,44,41.520239255258
"1813",2586,55,44.5945603914692
"1814",2587,62,44.2104882194507
"1815",2589,52,45.6985228262296
"1816",2590,52,41.898925902068
"1817",2592,59,42.6856428104542
"1818",2594,38,45.1483731705544
"1819",2595,50,41.9805127146156
"1820",2597,66,43.9599207144655
"1821",2598,56,43.0116511500864
