"","Overall"
"X361",43.0351233011553
"X362",45.5485834889631
"X363",47.646705763804
"X364",97.9369844418538
"X365",100
"X366",66.8799336182704
"X367",29.9360502255402
"X368",21.4193143750974
"X369",16.8110140490668
"X370",19.5447973053673
"X371",15.7757704524009
"X372",20.8590783909695
"X373",15.0916269377986
"X374",37.2089059750143
"X375",61.143491197972
"X376",58.9943807084949
"X377",38.7575305379882
"X378",16.0770481478384
"X379",6.92956886190558
"X380",11.4306897462443
"X381",21.9958641591739
"X382",20.3224776867556
"X383",12.2281472716427
"X384",9.26505478497336
"X385",12.4842005603813
"X386",23.0872562668387
"X387",31.3362822785034
"X388",24.1599950404466
"X389",10.0166302704623
"X390",5.79222420327332
"X391",19.2456805953545
"X392",33.3343543269747
"X393",37.8865713116749
"X394",34.706490446022
"X395",29.4147190557689
"X396",22.2897163709255
"X397",20.1854329269369
"X398",27.9250195577963
"X399",29.961209895867
"X400",21.5838269357361
"X401",13.6327132095482
"X402",17.0408693945802
"X403",23.175663672436
"X404",24.535866202056
"X405",26.4131265363738
"X406",23.9607261383654
"X407",18.9128312119137
"X408",15.8094216908853
"X409",16.6356223568422
"X410",18.0139216564686
"X411",15.0743847249005
"X412",13.1324044320857
"X413",12.9583160403821
"X414",16.968264252844
"X415",21.5280472242862
"X416",27.266423132685
"X417",23.5583506575144
"X418",19.3003624976566
"X419",19.0717356318223
"X420",22.3863192388023
"X421",24.6731365646478
"X422",23.551290863212
"X423",21.6836681031875
"X424",21.0109855895529
"X425",22.7790358029132
"X426",25.7485788214367
"X427",28.8899732128089
"X428",27.3857776947166
"X429",26.6883000197572
"X430",27.0770255530478
"X431",29.3372912568152
"X432",30.1430363745495
"X433",28.8629393783612
"X434",26.3971451421928
"X435",25.0048702760003
"X436",22.620970651581
"X437",20.6308380804055
"X438",20.6053692036198
"X439",20.0507076738539
"X440",19.2761920245483
"X441",19.3406686247804
"X442",20.5912611760725
"X443",21.5749217199601
"X444",22.0535422537229
"X445",23.3907560199117
"X446",23.406260105683
"X447",21.7048378605779
"X448",20.347186736344
"X449",20.6610432371802
"X450",20.4105541874256
"X451",18.0853857697814
"X452",16.2303302314611
"X453",18.316352362799
"X454",20.9330118221334
"X455",22.0652698530041
"X456",23.7672182828588
"X457",25.0909221810409
"X458",25.6441682103016
"X459",25.6510447199357
"X460",26.4267777663161
"X461",24.8071570575449
"X462",22.3676231323947
"X463",20.7009822752508
"X464",20.2372265655243
"X465",21.3303841175672
"X466",22.3353635490047
"X467",22.0153991510563
"X468",21.3006927919742
"X469",21.0813981086612
"X470",21.1511378252445
"X471",21.8300951545719
"X472",21.5490746501434
"X473",20.9626963839204
"X474",21.9923438941969
"X475",22.01540082975
"X476",22.5523991207219
"X477",24.2556977403581
"X478",25.6475101706585
"X479",25.0493356507222
"X480",24.0268804768675
"X481",23.7585138773012
"X482",22.3820617611895
"X483",21.8376475987021
"X484",21.6896249774004
"X485",22.581279380041
"X486",22.6595658814173
"X487",21.763742323228
"X488",21.6290552736934
"X489",22.0983122092139
"X490",22.3859381451742
"X491",22.724418644349
"X492",22.8404442115736
"X493",23.2362163458511
"X494",23.5997317880844
"X495",24.0682853992793
"X496",25.1282957614993
"X497",25.5544797873142
"X498",24.9720286902645
"X499",24.1768048952409
"X500",23.9299581583758
"X501",24.2345983726214
"X502",24.9087738411733
"X503",24.716133235238
"X504",24.923138390468
"X505",25.2471126278179
"X506",25.6326275521523
"X507",24.835241262195
"X508",24.454208126469
"X509",23.8633872503818
"X510",23.134481836194
"X511",22.9376422058379
"X512",22.9722641313459
"X513",23.8208906792373
"X514",24.8394028883319
"X515",25.5271139252097
"X516",25.6049806627544
"X517",26.1104579774235
"X518",25.1819216428602
"X519",24.824484611112
"X520",24.4961160952842
"X521",24.3657161880708
"X522",24.2287159961758
"X523",24.3018636968027
"X524",25.4865157335507
"X525",25.8372744137148
"X526",25.785164772572
"X527",24.8669959718131
"X528",25.0902719094823
"X529",25.19403267586
"X530",25.8134183264123
"X531",25.3902117284933
"X532",25.0452630689153
"X533",24.972958584342
"X534",25.3699753147798
"X535",26.3724883631728
"X536",26.6399133207596
"X537",26.9671908090878
"X538",27.5065272651753
"X539",28.2412358069409
"X540",29.1131083371007
"X541",30.0524007377568
"X542",30.4178615668307
"X543",30.9782997320979
"X544",31.9471428169545
"X545",32.949884626659
"X546",34.0215306114385
"X547",34.633926766566
"X548",35.4342715549735
"X549",36.252842530404
"X550",37.0910823119933
"X551",37.8064740268524
"X552",38.3640073517114
"X553",38.8861338733926
"X554",39.0586970235722
"X555",39.8135380632068
"X556",40.3378410250949
"X557",41.0369044579542
"X558",41.3292221239157
"X559",41.7975728084956
"X560",42.7826089990292
"X561",43.6919766416796
"X562",44.3123852637595
"X563",44.8723113041545
"X564",45.6882456235845
"X565",46.0859150076738
"X566",46.4820013883105
"X567",46.6836403402612
"X568",46.5916874498375
"X569",46.5785907579232
"X570",46.4629994900717
"X571",46.2187399221191
"X572",45.8905375047275
"X573",45.3976005602931
"X574",44.9996729201362
"X575",44.7892558058373
"X576",44.367408661958
"X577",44.1218306514663
"X578",43.8072849904292
"X579",43.5789901585422
"X580",43.2599694639334
"X581",42.7820555039271
"X582",42.5354168848072
"X583",42.2646194887077
"X584",41.905304883376
"X585",41.6823244689749
"X586",41.3792334496496
"X587",40.9157889978674
"X588",40.7897049325522
"X589",40.4448236469024
"X590",40.0012102838063
"X591",39.4467497730599
"X592",38.3870885653212
"X593",37.5286658342318
"X594",36.5315742893058
"X595",35.4501086866071
"X596",34.3104477293785
"X597",33.2613572037452
"X598",32.0414902182399
"X599",30.8946807673563
"X600",30.1294495953912
"X601",29.1585976046389
"X602",28.5780909573634
"X603",27.3743780172173
"X604",26.4296481506416
"X605",25.2779362446416
"X606",24.3674210572873
"X607",23.2798413399093
"X608",22.4518300940198
"X609",21.510510516826
"X610",20.3309328611455
"X611",19.3879536349061
"X612",18.3470362042796
"X613",17.5962561090783
"X614",16.4235976717166
"X615",15.5095402725035
"X616",14.4589597664704
"X617",13.6181332503043
"X618",12.9817042891445
"X619",12.544624903777
"X620",12.4010491469389
"X621",12.3582278388077
"X622",12.229327883978
"X623",12.3741956288582
"X624",12.4260749937589
"X625",12.9017114716822
"X626",13.2386860044401
"X627",13.7797596231565
"X628",14.34189029712
"X629",14.7052085695427
"X630",15.2082583885906
"X631",18.1707506788398
"X632",20.9623231828528
"X633",23.4980267203969
"X634",26.0107819394115
"X635",27.6428635692493
"X636",29.6245231288596
"X637",30.591637855367
"X638",31.5400228721042
"X639",31.8580460219391
"X640",31.7845273084222
"X641",31.9182214862229
"X642",31.4094734045968
"X643",29.9070255552949
"X644",28.9049602166502
"X645",28.0072522585995
"X646",27.2155726355185
"X647",27.180242768167
"X648",27.2396302255183
"X649",27.2150403444812
"X650",27.1060788472024
"X651",26.8717127816258
"X652",26.9206436304689
"X653",27.2663254558237
"X654",26.828618716934
"X655",26.5440855697623
"X656",26.2300815027663
"X657",26.2350172164501
"X658",25.9891820616386
"X659",26.1279725018759
"X660",26.6420233862389
"X661",27.2333497124131
"X662",27.1349122715437
"X663",26.4117502763667
"X664",25.5754296653097
"X665",25.0290479378066
"X666",24.8884661606041
"X667",25.4281815315292
"X668",25.8601534797657
"X669",25.4168383416211
"X670",25.2987580628061
"X671",25.022759632015
"X672",25.1656028186892
"X673",25.1733549893291
"X674",24.9757994894269
"X675",24.3515692212115
"X676",24.0679684792827
"X677",24.1950132285717
"X678",24.7182001517081
"X679",24.9728456627496
"X680",24.689317959579
"X681",24.873953777576
"X682",24.7022481363114
"X683",24.3505195282186
"X684",23.5750293427756
"X685",23.16942111862
"X686",23.0504197821542
"X687",23.1721090802386
"X688",23.70323276245
"X689",24.1030463831017
"X690",23.9830042548566
"X691",23.6125979182144
"X692",23.4527521091651
"X693",23.7878481216318
"X694",23.9718054187474
"X695",23.3834757464198
"X696",22.6477956254848
"X697",22.4360012711195
"X698",22.4304367116084
"X699",22.7349953753157
"X700",22.5315674569807
"X701",22.7462527532783
"X702",22.6848979492396
"X703",22.4654874146139
"X704",22.5829846313828
"X705",22.9462700056801
"X706",23.3241361132697
"X707",22.934916275795
"X708",22.7896433192065
"X709",22.7907304511199
"X710",23.0193966498845
"X711",22.1950019654777
"X712",22.7937327855209
"X713",23.1885184059352
"X714",23.2566942820038
"X715",24.0185276584813
"X716",23.9121272003016
"X717",24.7211192846085
"X718",24.7823049739539
"X719",24.9673756503816
"X720",24.8805516779444
"X721",25.2407768193069
"X722",24.6352059573047
"X723",24.7482423080867
"X724",25.1962648405754
"X725",25.4017229198152
"X726",26.1960004618182
"X727",26.204770786315
"X728",26.7216957817688
"X729",26.9608677643553
"X730",27.7410854161265
"X731",28.147750201375
"X732",28.9005835052022
"X733",28.9406796185045
"X734",29.026772093425
"X735",29.4830684191225
"X736",29.8722884030656
"X737",29.9674198181588
"X738",30.0112509445476
"X739",30.6426286993784
"X740",31.2137476554278
"X741",32.284760828373
"X742",32.9057015513252
"X743",33.6366188422649
"X744",34.1568584575157
"X745",34.8141493326789
"X746",35.2006125894995
"X747",35.6891217913867
"X748",35.8696160691469
"X749",36.1658012896344
"X750",36.8473277961625
"X751",36.9507555901633
"X752",37.7955693414988
"X753",38.0671370013625
"X754",38.6759479243628
"X755",38.9059498919489
"X756",39.2966519826008
"X757",39.6629481995409
"X758",39.9084896965587
"X759",40.2214187044438
"X760",40.5583618031394
"X761",40.975752124752
"X762",40.9693392978153
"X763",41.508347094591
"X764",42.0204751187688
"X765",42.4916995529925
"X766",42.5562322868333
"X767",42.4296800578425
"X768",42.7808129089839
"X769",43.0245304290256
"X770",43.0885150424171
"X771",43.2417151477327
"X772",42.9849215145585
"X773",43.2561127397925
"X774",43.5115576526571
"X775",43.7580688680315
"X776",43.8247239128236
"X777",43.6209768155396
"X778",43.7290545618633
"X779",43.7428599373601
"X780",44.1143059968967
"X781",44.1869635769701
"X782",44.5545895921928
"X783",44.8486609340728
"X784",45.1487301713849
"X785",45.0787129157137
"X786",44.7224230404339
"X787",44.9234295574745
"X788",44.8977052409301
"X789",44.8595580011323
"X790",44.7057341968973
"X791",44.8757169535253
"X792",44.9581144091594
"X793",44.6417741611909
"X794",45.2230906151479
"X795",45.3584122778113
"X796",45.2891768639309
"X797",45.0436410760963
"X798",45.0470235172894
"X799",44.7764128721384
"X800",44.5445496104815
"X801",44.8568078876238
"X802",44.7675241408684
"X803",44.770666930305
"X804",44.5031031005093
"X805",44.420537352336
"X806",43.94317392537
"X807",43.9664206258558
"X808",43.7967517708458
"X809",43.4825425407625
"X810",42.9303888824757
"X811",42.8078206116204
"X812",43.3116526232677
"X813",42.9137153301319
"X814",42.9367951788801
"X815",43.5347849611618
"X816",43.7499508326081
"X817",43.7589252714159
"X818",43.6036539745139
"X819",42.9865605201654
"X820",42.6604941627445
"X821",42.9749258099584
"X822",43.0693548966891
"X823",42.6769848774692
"X824",41.7535575398927
"X825",41.1240353735277
"X826",40.9688898063383
"X827",40.4172046290919
"X828",40.3805212596701
"X829",39.8734233547085
"X830",39.2000806279985
"X831",39.055236844489
"X832",39.4407426062311
"X833",39.7989038296416
"X834",39.8134371914193
"X835",39.3680046288485
"X836",39.3278371050012
"X837",38.6974025801544
"X838",37.7896244467651
"X839",37.18267097274
"X840",36.6811813824517
"X841",36.3587291206093
"X842",36.5398742633407
"X843",36.3024979755387
"X844",36.2853574800803
"X845",36.1434458642181
"X846",35.6734291750799
"X847",35.9942510163901
"X848",35.7195305346022
"X849",35.3581806377015
"X850",34.8012237791667
"X851",34.1951912740951
"X852",33.8094321858148
"X853",33.1559741450461
"X854",32.3265609708857
"X855",31.9651915873838
"X856",31.8228997564265
"X857",31.6136791211654
"X858",31.4051983217279
"X859",31.3047087068129
"X860",31.5192991191215
"X861",31.640648984077
"X862",30.9586174647352
"X863",30.7183116019489
"X864",29.3634406809183
"X865",28.7502554197793
"X866",28.5829089618531
"X867",28.8637837860003
"X868",28.9001443259668
"X869",28.3666991814469
"X870",28.1660806561503
"X871",28.9207734907766
"X872",29.7208499522481
"X873",29.4245895263492
"X874",28.815653862357
"X875",28.3319451374434
"X876",28.6420137907603
"X877",28.6503830700594
"X878",28.8347125018686
"X879",28.3687780367669
"X880",27.0042256605954
"X881",25.7188768511729
"X882",25.0406019605922
"X883",24.5613958306791
"X884",24.1627772973248
"X885",23.2173575371917
"X886",23.4718537111348
"X887",23.8009838173414
"X888",23.8495412140934
"X889",24.2313104391382
"X890",24.4808949126789
"X891",24.2456480603346
"X892",24.0979654458196
"X893",23.9161537023571
"X894",23.2402231341793
"X895",23.0220831206432
"X896",21.9489693621208
"X897",21.6492548418934
"X898",22.0472519230737
"X899",21.714295320929
"X900",21.0975122576687
"X901",20.7576811110415
"X902",20.8649276958648
"X903",21.4218591506184
"X904",21.969779865855
"X905",22.0636241472388
"X906",22.4114571218465
"X907",21.3683493116249
"X908",20.6277369669565
"X909",20.9243199066144
"X910",20.1427363505678
"X911",19.0953846320989
"X912",18.4943948151543
"X913",18.346884091797
"X914",18.695669868788
"X915",18.5476898248359
"X916",18.4596891188335
"X917",19.4616926195221
"X918",19.5438353292398
"X919",19.5474972255857
"X920",19.1950632019577
"X921",18.8541345425234
"X922",17.560585957893
"X923",17.6141665702041
"X924",18.0688475856171
"X925",16.9473926586823
"X926",16.3016898796193
"X927",16.0390424114841
"X928",16.1775246823817
"X929",15.8055869452024
"X930",16.4181612542138
"X931",16.4639914812618
"X932",15.9701140793784
"X933",15.1734894234334
"X934",15.3172790125209
"X935",15.5896046326178
"X936",14.326303352319
"X937",14.451518270215
"X938",14.9369903762108
"X939",14.5012679627796
"X940",14.0222818924716
"X941",15.2719459695176
"X942",15.2463084523334
"X943",13.0061810461331
"X944",12.0357504964861
"X945",11.7297849140595
"X946",12.29427691386
"X947",12.2604696854604
"X948",12.414894701763
"X949",13.9930461137943
"X950",14.0525984970524
"X951",13.927703045447
"X952",15.2567067831965
"X953",16.5107762732318
"X954",15.2289323392729
"X955",13.8961640884952
"X956",12.1298243662556
"X957",11.2369947193157
"X958",11.1524219872306
"X959",10.3481865229526
"X960",10.632570456918
"X961",10.808993355821
"X962",10.3882675285539
"X963",10.4231709287464
"X964",12.3323120502276
"X965",14.0363665371902
"X966",14.9453227182338
"X967",14.2792276782448
"X968",13.0406698423086
"X969",13.6644205416292
"X970",14.0728392091317
"X971",12.2836557691244
"X972",10.43394752162
"X973",10.3016673469506
"X974",10.0997517193974
"X975",10.1079654753623
"X976",10.5845972642114
"X977",10.8190524548571
"X978",9.6052530539836
"X979",8.15724404070576
"X980",8.29705026266002
"X981",10.6625829570191
"X982",11.1835683241891
"X983",9.62474038893193
"X984",9.00920828084781
"X985",9.63691372661526
"X986",9.74650882855961
"X987",11.0629999784514
"X988",12.7831137360669
"X989",12.5655687799742
"X990",12.7514430170409
"X991",11.6396915603926
"X992",11.4261534102533
"X993",12.6759429810032
"X994",12.9193131821272
"X995",10.3887989983745
"X996",2.80300335934148
"X997",9.18797588467971
"X998",12.3635069629548
"X999",20.3076136993457
"X1000",26.3769557474184
"X1001",28.5002165939167
"X1002",29.4272223162963
"X1003",28.9237115667049
"X1004",24.5952038617503
"X1005",17.5077503215117
"X1006",9.92649269153029
"X1007",8.63799939517912
"X1008",6.56869939326489
"X1009",10.0065830968955
"X1010",10.0513626624184
"X1011",10.3520836713561
"X1012",10.7684871982951
"X1013",11.0677710667081
"X1014",11.6838413230107
"X1015",11.7886664005494
"X1016",12.1135710337625
"X1017",12.1055136750105
"X1018",11.7876461706877
"X1019",11.3935723996717
"X1020",11.1745943034093
"X1021",11.033850403962
"X1022",10.9448619403343
"X1023",10.508202813176
"X1024",9.94837471638258
"X1025",9.67060696302035
"X1026",9.46865771348938
"X1027",9.4986605509847
"X1028",10.3578469986752
"X1029",11.007957124454
"X1030",11.436318893711
"X1031",11.4673505301561
"X1032",11.3324000311924
"X1033",11.356182309226
"X1034",10.8279188874438
"X1035",10.4560337098126
"X1036",10.096368988062
"X1037",10.1599242680066
"X1038",9.79714112221872
"X1039",10.1267298188838
"X1040",10.136902011676
"X1041",10.4458227500709
"X1042",10.7156130866926
"X1043",10.7479286539378
"X1044",11.1836315907848
"X1045",11.2557089824502
"X1046",11.1915838573433
"X1047",11.2524080186035
"X1048",10.7686051422617
"X1049",10.9283229245516
"X1050",10.6588233807131
"X1051",10.1834358699484
"X1052",9.94179710034639
"X1053",9.90679394265611
"X1054",10.0245973882443
"X1055",10.5512626164615
"X1056",10.8476776611559
"X1057",11.1440525534145
"X1058",11.2137027030421
"X1059",10.5597433859246
"X1060",10.8584592058584
"X1061",10.5103051376252
"X1062",10.265211577931
"X1063",10.2880665509599
"X1064",10.5962430707478
"X1065",10.8817711826621
"X1066",11.0497936712002
"X1067",10.7146242373391
"X1068",10.5247024501366
"X1069",10.3406570524771
"X1070",10.346150140533
"X1071",10.3008783117509
"X1072",9.95543980984062
"X1073",9.80644679394631
"X1074",9.6662337936913
"X1075",9.98053769969007
"X1076",10.5310525057279
"X1077",10.4338425839937
"X1078",10.4973603826446
"X1079",10.5083477025856
"X1080",10.5390295118838
"X1081",10.5775969830949
"X1082",9.90506612764726
"X1083",9.52815990627541
"X1084",9.22605485195687
"X1085",8.60355324547967
"X1086",8.06661604136677
"X1087",7.76619051141089
"X1088",7.6272729616628
"X1089",7.71461547477039
"X1090",7.89580064161413
"X1091",8.14237333439217
"X1092",8.69397291176449
"X1093",8.5503956049204
"X1094",8.7884101139625
"X1095",9.10889728669931
"X1096",9.02704824160625
"X1097",8.82061429099185
"X1098",8.2825668691064
"X1099",8.27148363806437
"X1100",8.13934503094641
"X1101",7.94803667242757
"X1102",7.47589258317017
"X1103",7.40341573501702
"X1104",7.27105414117592
"X1105",7.0636643173625
"X1106",7.53311123533411
"X1107",7.62604462790064
"X1108",7.84356499507223
"X1109",8.1078702098652
"X1110",8.14772714996244
"X1111",8.14104210320547
"X1112",8.12698989694219
"X1113",8.00911538633373
"X1114",7.71338447963053
"X1115",7.32473603861788
"X1116",6.88444397756514
"X1117",6.7504583572066
"X1118",6.58236603399336
"X1119",6.93757053099431
"X1120",7.13705661075486
"X1121",6.91024279715876
"X1122",6.8765357914473
"X1123",7.18886173060203
"X1124",7.63579454238321
"X1125",7.80865485942925
"X1126",7.8989639122231
"X1127",7.608984191201
"X1128",7.00823056295093
"X1129",6.38088464323684
"X1130",6.32609331340734
"X1131",6.03584214010046
"X1132",5.72725177718907
"X1133",5.33162638969212
"X1134",5.5455414641852
"X1135",5.57889638688631
"X1136",5.80893027708776
"X1137",6.51878701839057
"X1138",6.42735837562827
"X1139",6.51013287852207
"X1140",6.4640036254196
"X1141",6.20102015720288
"X1142",5.9419441488566
"X1143",5.69201497502118
"X1144",5.59885181029733
"X1145",5.80245434679491
"X1146",5.71226371487497
"X1147",6.15338126031214
"X1148",6.95996275326265
"X1149",7.13231789037365
"X1150",7.41145187093183
"X1151",7.45313452173189
"X1152",7.28241681580433
"X1153",6.7913773258408
"X1154",6.15971397284138
"X1155",5.95621318266003
"X1156",5.7554133021403
"X1157",5.59006129142779
"X1158",5.49637996874224
"X1159",5.6636000616548
"X1160",5.72029849220334
"X1161",5.37269087446711
"X1162",5.29927453982751
"X1163",5.18741436079322
"X1164",5.33488505206574
"X1165",5.38005842483007
"X1166",5.43415038204283
"X1167",5.47490878112244
"X1168",5.75108536852556
"X1169",5.89535580046848
"X1170",5.83040438849048
"X1171",5.81848024062072
"X1172",6.02405989329309
"X1173",6.00613053048422
"X1174",5.85354491536188
"X1175",5.85014084800026
"X1176",5.89152706343128
"X1177",5.77174316273172
"X1178",5.71183485542335
"X1179",5.96878683982743
"X1180",5.99029853121624
"X1181",5.93524001353276
"X1182",5.91306070680227
"X1183",5.80756272921534
"X1184",5.7422451464048
"X1185",5.63358444387049
"X1186",5.74635138788605
"X1187",5.88622802487321
"X1188",5.85724921865905
"X1189",5.81762305598822
"X1190",6.07300956608155
"X1191",6.0056828048419
"X1192",6.07401897366997
"X1193",6.20173327576807
"X1194",6.21808922864674
"X1195",6.2218702344021
"X1196",6.11910753426608
"X1197",6.21046036238062
"X1198",6.18953494379178
"X1199",5.87058147278039
"X1200",6.71355449322044
"X1201",6.75600621977537
"X1202",7.05136544041292
"X1203",7.20386143535078
"X1204",7.00682643663992
"X1205",6.67085032624581
"X1206",6.8647105104373
"X1207",6.81034524266643
"X1208",6.40896073803713
"X1209",6.65345675412944
"X1210",6.55662757551836
"X1211",6.47972262280739
"X1212",6.80329302377865
"X1213",6.96207021902054
"X1214",7.22391983200012
"X1215",7.20869494431456
"X1216",7.00645773605101
"X1217",7.47371123021824
"X1218",7.68919040057426
"X1219",7.51890344195039
"X1220",7.34733241866613
"X1221",7.54005571244419
"X1222",7.80983871849936
"X1223",8.20862982823058
"X1224",8.56787725217158
"X1225",8.98437854797577
"X1226",9.16686863246606
"X1227",9.07721433207758
"X1228",9.07002600974489
"X1229",9.21906383468465
"X1230",9.18649766806261
"X1231",8.69144346476706
"X1232",8.5331386197646
"X1233",8.15474440407844
"X1234",7.76720801122382
"X1235",7.67489336646552
"X1236",7.49671892877219
"X1237",7.3521691829923
"X1238",7.36847376685344
"X1239",7.39591392657272
"X1240",7.6144763797788
"X1241",7.92882264937457
"X1242",7.84775806074804
"X1243",8.0018268907352
"X1244",8.0241689718981
"X1245",8.04427976609892
"X1246",8.12692630843959
"X1247",7.8616358289201
"X1248",7.62250604561235
"X1249",7.40648304154753
"X1250",7.34173669634432
"X1251",7.2542395147523
"X1252",6.83811891892303
"X1253",6.53053732393509
"X1254",6.30298338383512
"X1255",6.03277933726521
"X1256",5.99860628475008
"X1257",5.98900729609337
"X1258",6.05251304718774
"X1259",6.13897270020062
"X1260",6.01630220045943
"X1261",6.12791335796921
"X1262",6.60992055572109
"X1263",6.65192876327587
"X1264",6.85035545430439
"X1265",6.67760158670754
"X1266",6.64290899748634
"X1267",6.41983800241318
"X1268",6.55061717429268
"X1269",6.61248510078688
"X1270",6.51850456011886
"X1271",6.89766901884642
"X1272",6.892187324142
"X1273",6.9520846388373
"X1274",7.01400157414102
"X1275",7.04983815176834
"X1276",6.67620699076243
"X1277",6.8378929102744
"X1278",6.90947852073808
"X1279",6.90681677733991
"X1280",6.99031951650406
"X1281",6.80236569647044
"X1282",7.13167908744367
"X1283",7.56416800090229
"X1284",7.79118876445775
"X1285",7.8840099799558
"X1286",8.06176711453836
"X1287",7.84373658190163
"X1288",7.54698030705931
"X1289",7.57113431485204
"X1290",7.68599703658585
"X1291",7.86363927974353
"X1292",7.97496089512192
"X1293",7.82483773933984
"X1294",7.70937822154847
"X1295",7.666517021363
"X1296",7.48913623336056
"X1297",7.53912955173996
"X1298",7.69211393246645
"X1299",7.74436633784421
"X1300",8.05993086640254
"X1301",8.61725872127072
"X1302",8.86918375302654
"X1303",8.93453176016208
"X1304",9.02418607644347
"X1305",8.85477440850886
"X1306",8.55511792301653
"X1307",8.12770499961105
"X1308",7.85655056988992
"X1309",7.59372244593068
"X1310",7.00005796671679
"X1311",6.5179818732032
"X1312",6.36072445719679
"X1313",6.14633116579059
"X1314",5.88477433017318
"X1315",5.93429304000274
"X1316",6.06722281247508
"X1317",6.2770073113696
"X1318",6.34230633107047
"X1319",6.61643327862175
"X1320",6.77602593886782
"X1321",6.77288975100713
"X1322",6.63652595982066
"X1323",6.34720419349538
"X1324",6.28484859738591
"X1325",6.20712288711014
"X1326",6.00051704028704
"X1327",5.88469076956486
"X1328",5.74903534246445
"X1329",5.48038973064214
"X1330",5.3050556910169
"X1331",5.40869472481443
"X1332",5.48760821831511
"X1333",5.61121970193323
"X1334",5.55816727396991
"X1335",6.01646605264516
"X1336",6.62638294541195
"X1337",6.94200984548059
"X1338",7.04021141945835
"X1339",6.74591564309142
"X1340",6.13716474611418
"X1341",5.37254770509724
"X1342",5.78577388081345
"X1343",6.32471039927348
"X1344",6.99787368479404
"X1345",7.89928242401067
"X1346",8.51114221384113
"X1347",8.9855288417363
"X1348",9.38614530050746
"X1349",9.64666002711733
"X1350",9.93559488132959
"X1351",10.1325050873657
"X1352",10.1528871908082
"X1353",9.99956926088337
"X1354",9.88537733353745
"X1355",9.83109370969229
"X1356",9.61167678903135
"X1357",9.15735305706488
"X1358",8.79670160678858
"X1359",8.77159349793593
"X1360",8.53474073651216
"X1361",9.23390075621292
"X1362",10.4127830541751
"X1363",11.3874084417745
"X1364",12.8682969785339
"X1365",14.3221922535104
"X1366",15.9989213233774
"X1367",17.8936140226819
"X1368",19.7845814601512
"X1369",21.2114849816809
"X1370",22.3204968668145
"X1371",24.2577668294034
"X1372",26.1429791006795
"X1373",28.209174131701
"X1374",30.7852032204066
"X1375",33.0259360194224
"X1376",35.0021889008965
"X1377",37.3133943086462
"X1378",39.9193414920958
"X1379",42.5782117304872
"X1380",44.7320703074149
"X1381",46.7255136772958
"X1382",48.578901042159
"X1383",50.1173945183432
"X1384",50.6183107140404
"X1385",50.5801274389526
"X1386",50.3698593382123
"X1387",49.2714482917301
"X1388",48.1517040429332
"X1389",46.1701034997192
"X1390",44.0376758506245
"X1391",41.6146179185458
"X1392",39.5596567321839
"X1393",37.1310522376754
"X1394",35.4251508094717
"X1395",33.5816000602184
"X1396",31.8566343852468
"X1397",30.5673330817204
"X1398",29.7551770501742
"X1399",28.892345948829
"X1400",28.4172115808583
"X1401",28.2204806898285
"X1402",27.9400603058871
"X1403",27.8235724195793
"X1404",27.6397230723115
"X1405",27.397331811938
"X1406",30.0104427751836
"X1407",30.9268582722264
"X1408",30.3186169379408
"X1409",27.4701281699472
"X1410",22.7084108616734
"X1411",17.8838164599571
"X1412",14.0632761231715
"X1413",9.28258882429255
"X1414",11.6364095600798
"X1415",18.6876222549475
"X1416",28.1918572279554
"X1417",36.5934853469058
"X1418",43.6595298470328
"X1419",48.6985955955029
"X1420",51.8279196643897
"X1421",53.2989604639574
"X1422",52.9604301973511
"X1423",50.9852231565661
"X1424",47.8735534043764
"X1425",44.0507478437558
"X1426",40.1477624918504
"X1427",36.1186976250011
"X1428",32.357361510298
"X1429",28.9968027510808
"X1430",25.890764416484
"X1431",22.9881633264554
"X1432",20.9069073252317
"X1433",19.1533881642373
"X1434",17.2165207900492
"X1435",15.5790251358812
"X1436",13.9949896978606
"X1437",12.5696237300414
"X1438",11.3003008915091
"X1439",10.1011888392309
"X1440",9.32859580203251
"X1441",8.53380224101233
"X1442",7.93907200397611
"X1443",8.33278766648744
"X1444",8.34811468750243
"X1445",8.05731333885103
"X1446",8.18826051232089
"X1447",7.82758430945541
"X1448",7.02187430340213
"X1449",6.0885306534022
"X1450",5.2168472362739
"X1451",4.46500000417018
"X1452",3.70908797806209
"X1453",2.90198274622571
"X1454",2.79264248126176
"X1455",2.83912317781578
"X1456",3.05442160278202
"X1457",3.04936103894636
"X1458",3.27577834909435
"X1459",3.48044043722096
"X1460",4.40975252518704
"X1461",5.10459225919131
"X1462",5.54918146697157
"X1463",6.13698439798522
"X1464",6.96590176880103
"X1465",7.41642033817719
"X1466",8.12192553855132
"X1467",8.52788764193671
"X1468",8.65728102434839
"X1469",8.97215532573777
"X1470",8.85725168376813
"X1471",9.29604114653592
"X1472",9.5534526295634
"X1473",9.62056035588811
"X1474",9.77388125270141
"X1475",10.0536637086889
"X1476",10.4824688365748
"X1477",10.7698804657736
"X1478",10.7563737399658
"X1479",10.6156881868581
"X1480",10.8473198888116
"X1481",10.8498885398686
"X1482",10.8850604280324
"X1483",10.6974796126851
"X1484",10.4149404289137
"X1485",10.2010321403076
"X1486",9.94126830992825
"X1487",9.99162073545921
"X1488",9.80203218193606
"X1489",9.35341777375367
"X1490",8.87208237628218
"X1491",8.75323914823552
"X1492",8.6049764120955
"X1493",8.61153148785754
"X1494",8.67981488057115
"X1495",8.36847994649317
"X1496",8.65378005309248
"X1497",8.5837318084438
"X1498",8.77344755126638
"X1499",8.7289697758058
"X1500",8.4387909657592
"X1501",8.24125724542565
"X1502",8.31278289868392
"X1503",8.14579826599314
"X1504",8.0484953281028
"X1505",7.5324410315778
"X1506",7.05397458632447
"X1507",7.01867217785107
"X1508",6.93423227913456
"X1509",7.1045180458469
"X1510",7.11884983055649
"X1511",6.96204092116349
"X1512",6.93551399344637
"X1513",6.76392873894426
"X1514",6.68059844469208
"X1515",6.75071270051874
"X1516",6.69056119217889
"X1517",6.59656548413939
"X1518",6.52195043828235
"X1519",6.45364717386865
"X1520",6.61255926929951
"X1521",6.71845810976463
"X1522",6.79988026364041
"X1523",6.76756291162145
"X1524",6.57324898733816
"X1525",6.22108627946635
"X1526",6.245415752505
"X1527",6.16385909473799
"X1528",6.04254301284355
"X1529",5.98916548254244
"X1530",5.97956593931569
"X1531",5.95292131594118
"X1532",5.94909065955141
"X1533",6.08182578502593
"X1534",6.18636313145632
"X1535",5.98712492268299
"X1536",5.67281814769532
"X1537",5.44097460149366
"X1538",5.44232046218009
"X1539",5.53920120868439
"X1540",5.55855573776012
"X1541",5.45614377962973
"X1542",5.49948523240719
"X1543",5.36438774365522
"X1544",5.24910345937349
"X1545",5.22468258021125
"X1546",5.02995706937309
"X1547",4.92724741535148
"X1548",4.74260625818436
"X1549",4.86437480203131
"X1550",5.04862071943471
"X1551",5.04836062804844
"X1552",5.007341857571
"X1553",5.16000216771847
"X1554",5.14036144969199
"X1555",4.91682603460241
"X1556",4.64767416069198
"X1557",4.45624671046409
"X1558",4.3675883625259
"X1559",4.41111664655307
"X1560",4.5161712169293
"X1561",4.46734058333288
"X1562",4.41367481517549
"X1563",4.55425365956126
"X1564",4.58116079920079
"X1565",4.59740015110065
"X1566",4.61077956331558
"X1567",4.51749293136384
"X1568",4.4564276751933
"X1569",4.2348654852253
"X1570",4.10992994433582
"X1571",4.17990995316704
"X1572",3.99908657939578
"X1573",4.05037600028807
"X1574",4.13157057774923
"X1575",4.17096649652246
"X1576",4.12533640280785
"X1577",4.07656197564467
"X1578",3.99096077734689
"X1579",4.02584507823811
"X1580",3.9235699424897
"X1581",3.76886967366928
"X1582",3.75258706832457
"X1583",3.56054442426513
"X1584",3.50022446257881
"X1585",3.41097332784797
"X1586",3.44024705812258
"X1587",3.59107896194114
"X1588",3.5276980535777
"X1589",3.50418403989371
"X1590",3.50547541518551
"X1591",3.49635025389101
"X1592",3.69519245832317
"X1593",3.77778608131058
"X1594",3.71464561081666
"X1595",3.59858551165446
"X1596",3.53315641627332
"X1597",3.3657611827928
"X1598",3.291571839376
"X1599",3.17765992100288
"X1600",3.54393942381973
"X1601",4.02362647764448
"X1602",4.68160061132599
"X1603",4.79463176748651
"X1604",4.84611746883061
"X1605",4.77439628225498
"X1606",4.07544506301571
"X1607",3.34975851979868
"X1608",2.97379993261268
"X1609",3.13977164955897
"X1610",3.29249183350247
"X1611",3.39335120045417
"X1612",3.20938445445464
"X1613",3.19998845320529
"X1614",3.41571339633226
"X1615",3.88690551805205
"X1616",4.14352298868908
"X1617",3.71678462413896
"X1618",3.60056866878343
"X1619",3.46880275998757
"X1620",3.40699815594058
"X1621",3.13604694146421
"X1622",2.83173161282983
"X1623",3.04182240076576
"X1624",2.93985326227277
"X1625",2.93133499682311
"X1626",2.58751246962686
"X1627",2.36460903249075
"X1628",2.51788094152212
"X1629",2.49494233105362
"X1630",2.39775934005984
"X1631",2.25059159743566
"X1632",2.05865311716765
"X1633",1.91823080760758
"X1634",1.87096475647682
"X1635",1.84500895287191
"X1636",2.71559006759074
"X1637",2.93306576456835
"X1638",3.13633536337224
"X1639",3.0920004411209
"X1640",2.9944764159837
"X1641",2.96129563243477
"X1642",3.23009589579931
"X1643",3.36115628086271
"X1644",3.51654802089966
"X1645",3.39346679773374
"X1646",3.43379582724988
"X1647",3.63895752580921
"X1648",3.63826450604368
"X1649",3.61631297941818
"X1650",3.05137184260121
"X1651",2.56649439850224
"X1652",2.12771673541842
"X1653",1.82808285497935
"X1654",1.31589064068654
"X1655",0.918979940587173
"X1656",0.981237847219877
"X1657",1.10108484178779
"X1658",1.19079654643026
"X1659",1.25937317794013
"X1660",1.28467594501134
"X1661",1.34915853391479
"X1662",1.48324548853154
"X1663",1.61862075796366
"X1664",1.86560091259874
"X1665",2.4642963558891
"X1666",2.83275637265512
"X1667",3.05012513372104
"X1668",3.56790508007042
"X1669",3.79725734082176
"X1670",3.94392352248734
"X1671",4.02191432749173
"X1672",3.80944569924168
"X1673",3.4995976797716
"X1674",3.17216130132291
"X1675",2.62484258743678
"X1676",2.55033741431162
"X1677",2.40773032334735
"X1678",2.01336691428038
"X1679",1.76573341714968
"X1680",1.27540327474632
"X1681",1.03082251589638
"X1682",1.04357816867097
"X1683",1.20498630024497
"X1684",1.15500068118495
"X1685",1.14648390889177
"X1686",0.994426839532885
"X1687",0.887210108718165
"X1688",0.905899625745198
"X1689",0.98916976787808
"X1690",1.09486802243405
"X1691",1.03393489965651
"X1692",0.992978030751098
"X1693",1.01267324240603
"X1694",1.04908067077648
"X1695",0.856863469257862
"X1696",0.730329509827382
"X1697",0.542874043951535
"X1698",0.270417438344191
"X1699",0.109293317179334
"X1700",0.100874881503692
"X1701",0.255489096100395
"X1702",0.416990173553433
"X1703",0.549703074118489
"X1704",0.777512610367178
"X1705",0.959036260345247
"X1706",0.992985549767983
"X1707",1.23565856668133
"X1708",1.45997530488478
"X1709",1.26309816891444
"X1710",0.934167478093508
"X1711",0.532611453436908
"X1712",0.297696564143083
"X1713",0.179524705988618
"X1714",0.105941595438535
"X1715",0.183181173824968
"X1716",0.206069049298698
"X1717",0.143532662276015
"X1718",0
"X1719",0.0741325071442525
"X1720",0.871146352704391
"X1721",1.98860144703196
"X1722",3.16027119805966
"X1723",4.09130529271898
"X1724",5.07289481777808
"X1725",5.63056240196594
"X1726",6.21537142207941
"X1727",6.83064183322777
"X1728",7.3212066941785
"X1729",7.6519168075382
"X1730",7.86280414993426
"X1731",8.14489388693482
"X1732",8.45537971665188
"X1733",8.48469600632422
"X1734",8.29392401451506
"X1735",7.99011985345763
"X1736",7.31106377144201
"X1737",6.92149357878269
"X1738",6.65501546270892
"X1739",6.58635551315031
"X1740",6.23906991519426
"X1741",6.01818638821581
"X1742",5.95811936718914
"X1743",5.86167727829649
"X1744",5.54967067427957
"X1745",5.2824420418881
"X1746",4.89699604638144
"X1747",4.39954634165119
"X1748",4.01888329990769
"X1749",3.38203738957681
"X1750",2.97517478144162
"X1751",2.61082315170528
"X1752",2.34244761934138
"X1753",2.44276122985613
"X1754",2.60461791073245
"X1755",2.86125773615855
"X1756",3.08717734562774
"X1757",3.2099947148577
"X1758",3.9128324642422
"X1759",4.51423687771737
"X1760",4.94010856299731
"X1761",5.19199513602187
"X1762",5.33693374843932
"X1763",5.42526777486165
"X1764",5.47748865598287
"X1765",5.62191275773146
"X1766",5.6676143888978
"X1767",5.89403353816801
"X1768",5.84852908899891
"X1769",5.99293212362884
"X1770",6.15104215432014
"X1771",6.45129148607496
"X1772",6.92968552205754
"X1773",7.13174235753252
"X1774",7.32706269876474
"X1775",7.4005863420173
"X1776",7.65239802370329
"X1777",7.38967203288674
"X1778",7.52898108586589
"X1779",7.50377830724903
"X1780",7.30633329094601
"X1781",7.10395390373114
"X1782",6.74217624014358
"X1783",6.61243309473307
"X1784",6.51677542590487
"X1785",6.31913833557761
"X1786",6.01200909002074
"X1787",5.53945211014505
"X1788",4.89914436339126
"X1789",4.58221444052977
"X1790",4.37817403116011
"X1791",4.41177418986033
"X1792",4.70659991098799
"X1793",4.67251334817814
"X1794",4.67792734009271
"X1795",4.94121737621615
"X1796",7.44492448419172
"X1797",8.87652617421973
"X1798",9.65160474913919
"X1799",9.72310460010489
"X1800",9.5530071787291
"X1801",9.01847897245346
"X1802",8.11309788386304
"X1803",6.76994379208011
"X1804",4.76442076751339
"X1805",2.45957140207992
"X1806",1.53992854789975
"X1807",1.50265676980445
"X1808",1.45655077831074
"X1809",1.4561234184282
"X1810",1.55207520535669
"X1811",1.47293548292783
"X1812",1.51143200991268
"X1813",1.56770191261708
"X1814",1.59362313422412
"X1815",1.57432095590395
"X1816",1.63111175886278
"X1817",1.66394583388484
"X1818",1.57830321942065
"X1819",1.42227771855887
"X1820",1.30188239833199
"X1821",1.38947167261558
"X1822",1.42359652985503
"X1823",1.26041757429661
"X1824",0.993273496245255
"X1825",0.731922779560396
"X1826",0.694231849340342
"X1827",1.03976810935605
"X1828",2.43974919689723
"X1829",2.58807470015377
"X1830",1.79629217808053
"X1831",1.09590745444003
"X1832",0.78046339003023
"X1833",0.653491144289715
"X1834",2.62876380089511
"X1835",5.25162228313394
"X1836",8.71868544547553
"X1837",9.57515717967789
"X1838",10.096939698766
"X1839",10.833127198966
"X1840",11.7748483412336
"X1841",12.4968258566379
"X1842",12.9191581654256
"X1843",13.3494130538862
"X1844",13.6445264343777
"X1845",13.6495926168684
"X1846",13.6883156299728
"X1847",14.3161478035413
"X1848",14.9541435722989
"X1849",15.478629328668
"X1850",16.3565948885737
"X1851",17.4879696673377
"X1852",18.5712076840888
"X1853",19.5897813128613
"X1854",20.4361679084457
"X1855",21.0655211288188
"X1856",21.9506102180919
"X1857",22.7188464566376
"X1858",24.0504794497538
"X1859",25.261206770704
"X1860",26.4113290070181
"X1861",27.7424717345761
"X1862",29.3810469962085
"X1863",31.1035701393455
"X1864",33.1857866234765
"X1865",35.3242211238667
"X1866",37.7655825637378
"X1867",40.9110436893157
"X1868",44.741096488529
"X1869",49.1028923468058
"X1870",53.6185039089815
"X1871",58.1266141175712
"X1872",62.1096263243814
"X1873",66.1354414547772
"X1874",69.7812847083502
"X1875",72.9460546301829
"X1876",75.5200768163814
"X1877",76.7798390006717
"X1878",77.7037924645799
"X1879",78.5079254007272
"X1880",78.4752433934337
"X1881",78.5209266840372
"X1882",77.5974181818829
"X1883",76.3777776344431
"X1884",74.6477737183189
"X1885",72.5741326814118
"X1886",72.92482238976
"X1887",76.0518819531292
"X1888",78.5305500681597
"X1889",80.5123816952951
"X1890",81.9026403469728
"X1891",82.7473164513077
"X1892",83.0042359096738
"X1893",82.4319720207419
"X1894",81.5679697885175
"X1895",80.1401204327033
"X1896",78.5894916693026
"X1897",83.8090519121592
"X1898",87.4224394921932
"X1899",89.0577501084726
"X1900",89.8303547402782
"X1901",89.1768538162087
"X1902",86.5854305263508
"X1903",83.0939889165385
"X1904",78.0679953759053
"X1905",71.6953919063193
"X1906",64.8075300117694
"X1907",56.94278923307
"X1908",48.6083711744026
"X1909",39.8532475576284
"X1910",30.2891404271028
"X1911",24.8287553826076
"X1912",22.0368350093363
"X1913",19.613386120095
"X1914",17.326328781482
"X1915",15.3099237420209
"X1916",13.5761621430734
"X1917",17.9337424668798
"X1918",22.3621658436992
"X1919",26.1674350735393
"X1920",29.7748207107798
"X1921",32.6484522894292
"X1922",34.8304447177251
"X1923",35.8546106415163
"X1924",36.6334330058097
"X1925",36.7651679262284
"X1926",37.0570649459176
"X1927",36.3776802664063
"X1928",35.8387980999401
"X1929",35.2951860531944
"X1930",34.1843385923485
"X1931",33.356247254171
"X1932",32.2110138707721
"X1933",31.5095856423965
"X1934",30.3006931801451
"X1935",29.152559027038
"X1936",28.2739527051488
"X1937",27.6050906103229
"X1938",26.3792878057786
"X1939",25.514645850758
"X1940",25.3209488307781
"X1941",24.8822073238592
"X1942",24.8878838489149
"X1943",24.3759165756401
"X1944",24.2771911635571
"X1945",23.6494806661607
"X1946",23.0854239327648
"X1947",22.7744372239029
"X1948",22.5751169720774
"X1949",21.58594314711
"X1950",21.3341351001741
"X1951",20.8204771366781
"X1952",20.6393565899928
"X1953",20.8802912089472
"X1954",20.9935067446789
"X1955",20.9079961292593
"X1956",20.7832183266667
"X1957",20.1690123100585
"X1958",20.2411342544915
"X1959",20.3992410839065
"X1960",19.8670456097623
"X1961",19.9599652328794
"X1962",19.1610834650574
"X1963",18.5570041595753
"X1964",18.0315642856255
"X1965",17.9386093135814
"X1966",17.1420650879504
"X1967",16.6897468196382
"X1968",16.1101160048205
"X1969",15.6989153508387
"X1970",15.0881182649611
"X1971",15.1686380991518
"X1972",15.3340008897648
"X1973",15.411751699937
"X1974",15.268522892024
"X1975",15.4494673740758
"X1976",15.5298183223183
"X1977",15.7512440709114
"X1978",15.888706868574
"X1979",16.5091488069974
"X1980",16.4182213758084
"X1981",15.9108447899305
"X1982",16.0461092801964
"X1983",16.1820159747081
"X1984",16.3532589473448
"X1985",16.4957959614669
"X1986",16.5321503915994
"X1987",16.3572349026351
"X1988",16.4483140272654
"X1989",16.3945059897531
"X1990",16.4690908421026
"X1991",16.4661039482301
"X1992",16.435610423981
"X1993",16.2630808664249
"X1994",16.1362659631737
"X1995",16.2400531321361
"X1996",16.0806852367322
"X1997",15.9186901304082
"X1998",15.9089359883128
"X1999",15.6885673801387
"X2000",15.591562812655
"X2001",15.5838968079877
"X2002",15.5105742709495
"X2003",15.3930381465852
"X2004",15.2950778764146
"X2005",15.0681739560822
"X2006",15.0275430044784
"X2007",14.8780712984367
"X2008",14.8179240748111
"X2009",14.7099850943698
"X2010",14.5350574389229
"X2011",14.2540194950784
"X2012",14.1925242180269
"X2013",14.0327154567503
"X2014",13.9180345456837
"X2015",13.7589042030585
"X2016",13.5843852291168
"X2017",13.4988495781901
"X2018",13.232691608906
"X2019",13.1802006283303
"X2020",12.9417177131662
"X2021",12.7749313757515
"X2022",12.4526762863338
"X2023",12.2082837685364
"X2024",12.6082289831655
"X2025",13.4487211198051
"X2026",13.9667079870242
"X2027",14.676011455693
"X2028",15.2885885741511
"X2029",15.8687949724656
"X2030",16.3848465198944
"X2031",17.0045045743482
"X2032",17.0003271022924
"X2033",17.0832812411904
"X2034",16.505618621538
"X2035",16.704236341429
"X2036",16.8372205012526
"X2037",16.6581336642956
"X2038",16.7937533080561
"X2039",17.0134053951025
"X2040",17.4308472644669
"X2041",17.5220355176121
"X2042",18.3394276610476
"X2043",18.388384102074
"X2044",18.5864073065906
"X2045",18.8520142865769
"X2046",19.1102259498641
"X2047",19.1795857633541
"X2048",18.9927152463078
"X2049",18.6755138048651
"X2050",18.2372078534454
"X2051",17.7048049916035
"X2052",17.3016406578692
"X2053",17.4328620274109
"X2054",16.8311200132099
"X2055",16.172324089236
"X2056",15.7017188793611
"X2057",15.4592722586131
"X2058",15.1032037598681
"X2059",15.0470829639977
"X2060",14.634139071989
"X2061",13.972965653075
"X2062",13.0303895740939
"X2063",12.7912994605765
"X2064",12.803161621234
"X2065",12.4045920538166
"X2066",11.7769397162308
"X2067",11.4765039135113
"X2068",11.4048763541444
"X2069",10.9497622179084
"X2070",10.5800486308097
"X2071",10.2492875728353
"X2072",9.97150084956582
"X2073",9.36577543633149
"X2074",9.56045319191453
"X2075",9.35238458881
"X2076",9.46229008375289
"X2077",9.03372585202694
"X2078",9.08914491419785
"X2079",9.30749510920259
"X2080",9.11121908827223
"X2081",8.82732986056199
"X2082",8.71575093180176
"X2083",8.56153132008762
"X2084",8.24057984436504
"X2085",8.32449696952291
"X2086",8.08911038431652
"X2087",8.0027487653951
"X2088",7.8511953521124
"X2089",7.95035920425897
"X2090",7.95798106462663
"X2091",7.67382831867705
"X2092",7.56880260562188
"X2093",7.53223324383117
"X2094",7.51183111366104
"X2095",7.53683189823234
"X2096",7.77410500351971
"X2097",7.93520394303989
"X2098",7.88764710076261
"X2099",7.96478474290326
"X2100",8.22163822105877
"X2101",8.55484092982356
"X2102",8.76176760589018
"X2103",9.15109879051088
"X2104",9.46312600766799
"X2105",9.73371647881079
"X2106",9.92865722402812
"X2107",9.90198551774304
"X2108",9.69632635188354
"X2109",9.25024281387313
"X2110",8.77387268876186
"X2111",8.20971888516737
"X2112",7.85161962348558
"X2113",7.60955340433568
"X2114",7.70523981609187
"X2115",8.19888627326481
"X2116",8.12116192149384
"X2117",8.6629781721444
"X2118",9.37949784808846
"X2119",9.7963369414748
"X2120",9.87222298734253
"X2121",10.3208367111779
"X2122",10.8342863625131
"X2123",10.9902133092513
"X2124",10.9493800152807
"X2125",10.8206647557063
"X2126",10.9062177989001
"X2127",10.4612777275097
"X2128",10.3311272326428
"X2129",10.6157857995833
"X2130",10.2077032424416
"X2131",9.64360211487426
"X2132",9.61398946460681
"X2133",10.1764648852288
"X2134",11.409927950944
"X2135",12.5755797418515
"X2136",14.045295013503
"X2137",15.4300451521181
"X2138",16.7469892564682
"X2139",18.0643985030903
"X2140",19.7129505179297
"X2141",22.0099302087225
"X2142",24.007724326009
"X2143",26.3913345008122
"X2144",27.9262510447433
"X2145",29.7348628138051
"X2146",31.3942130765434
"X2147",32.9629226854265
"X2148",33.9327110708212
"X2149",34.6452100004693
"X2150",34.7726883280245
"X2151",34.6723799573091
"X2152",34.344412575888
"X2153",33.7035877432036
"X2154",33.1392802902382
"X2155",32.2952406467207
"X2156",30.9882643285178
"X2157",29.5144877552989
"X2158",27.8202197266653
"X2159",26.1675734734031
"X2160",24.388487514714
"X2161",22.9429256036892
"X2162",21.1584870190473
"X2163",19.2879840915792
"X2164",17.699024076671
"X2165",16.0821035909818
"X2166",15.2687491544502
"X2167",14.6675107695698
"X2168",14.3119994969517
"X2169",14.1008712857766
"X2170",13.7229247603806
"X2171",13.3334937488182
"X2172",12.8543894289679
"X2173",12.4432707148194
"X2174",12.05862059317
"X2175",11.6417300635644
"X2176",11.3925142796801
"X2177",11.1474357604003
"X2178",11.130085557541
"X2179",11.175767105931
"X2180",12.9488753142051
"X2181",14.1016942905575
"X2182",14.9080141960151
"X2183",15.3880686470119
"X2184",16.0137987271397
"X2185",16.3434881069145
"X2186",16.3363307109077
"X2187",16.609255228163
"X2188",16.4161032149984
"X2189",16.8458239342006
"X2190",16.2760228878485
"X2191",15.8015175463275
"X2192",16.6315884069079
"X2193",18.986791889954
"X2194",21.5792394331173
"X2195",24.2753470369181
"X2196",26.8633822721638
"X2197",29.2628148425384
"X2198",31.1410672418625
"X2199",32.3327573478285
"X2200",32.8395760151245
"X2201",31.7683648625568
"X2202",29.4066540535359
"X2203",25.3997072981014
"X2204",20.1924113163582
"X2205",13.7594626797554
"X2206",9.39999729689789
"X2207",14.5125457474762
"X2208",20.2861599489669
"X2209",29.0973091575515
"X2210",38.253938842302
"X2211",46.4801508448473
"X2212",53.4896617552731
"X2213",58.8213431253911
"X2214",62.3890704217308
"X2215",64.0417522356339
"X2216",63.615962793518
"X2217",61.686824371069
"X2218",58.4277942021074
"X2219",54.1340804246875
"X2220",49.8501522406443
"X2221",44.7978426848536
"X2222",39.8058892366
"X2223",34.3117044309184
"X2224",29.580809898527
"X2225",26.2856829070206
"X2226",23.3874387620479
"X2227",20.729472457244
"X2228",18.2888968255716
"X2229",16.1595954080268
"X2230",14.2981277243446
"X2231",12.4449175296359
"X2232",11.0914448694038
"X2233",9.70608413770195
"X2234",8.84470755984321
"X2235",8.3708368682887
"X2236",8.15356177095797
"X2237",8.36583189726268
"X2238",8.3378818586189
"X2239",8.09202481961811
"X2240",8.1652341098965
"X2241",7.960156644853
"X2242",7.75851190219737
"X2243",7.73526886332062
"X2244",7.52723423411156
"X2245",7.05458925611087
"X2246",6.26650161894503
"X2247",7.23641469673659
"X2248",7.83695160345096
"X2249",7.88042048326149
"X2250",7.68316630479298
"X2251",7.61434082903128
"X2252",7.5877307956428
"X2253",7.73592324782971
"X2254",7.18778426940164
"X2255",6.30856638128972
"X2256",5.80241182641703
"X2257",5.13430108390641
"X2258",4.31459882963816
"X2259",3.79458275588371
"X2260",3.19245632861507
"X2261",1.90556909480524
"X2262",1.05543669718482
"X2263",0.81412014886383
"X2264",1.76034249605916
"X2265",2.80339373398024
"X2266",3.34265087743839
"X2267",3.64164621467972
"X2268",4.10441339123899
"X2269",4.56753510668902
"X2270",4.34118573832148
"X2271",5.18659240218414
"X2272",5.35127840954251
"X2273",5.60324461771039
"X2274",5.97483899584683
"X2275",6.37067014057303
"X2276",7.16181406594025
"X2277",7.38633259486761
"X2278",6.98438179548142
"X2279",7.23156513531697
"X2280",7.74766365092287
"X2281",7.65669188451577
"X2282",8.00429474709576
"X2283",8.20852845273419
"X2284",8.47032090526207
"X2285",8.38365132981563
"X2286",8.29573796449544
"X2287",8.33856961920661
"X2288",8.18059941373608
"X2289",7.81446639107255
"X2290",7.79746396507708
"X2291",7.7543745884913
"X2292",7.63332999509826
"X2293",7.47842873430468
"X2294",7.2833270501292
"X2295",7.12220197111077
"X2296",6.99102958273091
"X2297",8.483101457066
"X2298",10.101223457119
"X2299",12.0262613487839
"X2300",14.3409986893537
"X2301",15.6715065826729
"X2302",16.3503588039376
"X2303",16.8165393465873
"X2304",17.3700486007585
"X2305",18.1219200946043
"X2306",19.3461928248595
"X2307",20.3604468374834
"X2308",21.4193531705523
"X2309",22.1772256449492
"X2310",23.2507684668992
"X2311",24.926966957565
"X2312",25.6197431658765
"X2313",25.6005021371267
"X2314",25.3957684357244
"X2315",25.0504163064572
"X2316",23.9896822343442
"X2317",23.0656785712126
"X2318",21.9065537131324
"X2319",21.1033787876736
"X2320",20.4419063707743
"X2321",20.5168840482038
"X2322",20.5282811045416
"X2323",19.9158525246324
"X2324",18.9042715106905
"X2325",18.2209079768235
"X2326",17.6727398745205
"X2327",16.6423800921131
"X2328",15.1395548729029
"X2329",14.0515169141875
"X2330",12.5664419891822
"X2331",11.2504909411548
"X2332",10.5882057187067
"X2333",9.9087612640155
"X2334",9.19742505542444
"X2335",8.98049754533067
"X2336",9.63399918611305
"X2337",10.9972443018517
"X2338",12.3892390523708
"X2339",14.3500827345263
"X2340",16.1648439876394
"X2341",17.9816729639207
"X2342",18.990198065651
"X2343",19.8581787979403
"X2344",20.7433710901727
"X2345",20.3826641439556
"X2346",20.6839234165756
"X2347",21.1244624007129
"X2348",20.7594480965674
"X2349",19.9406641677304
"X2350",19.9255860912252
"X2351",19.1301098444815
"X2352",18.6034302797462
"X2353",17.6231034149069
"X2354",17.0310073456046
"X2355",17.4102018412674
"X2356",17.5255603186061
"X2357",17.2778111845371
"X2358",17.281792869805
"X2359",16.4225263715211
"X2360",16.3676217472518
"X2361",17.4651445453237
"X2362",17.9320985719848
"X2363",18.671220225706
"X2364",19.4826046764744
"X2365",20.1163143643045
"X2366",21.0377937621532
"X2367",21.6612500827809
"X2368",20.9931405943607
"X2369",19.4794767156541
"X2370",18.3036129863112
"X2371",18.0242844702566
"X2372",19.0446237347406
"X2373",19.7254305490166
"X2374",19.8279485748668
"X2375",19.76346196649
"X2376",19.8833911657963
"X2377",19.9998456127013
"X2378",20.0469475811854
"X2379",19.3922978049074
"X2380",17.8834960087067
"X2381",16.6639053805017
"X2382",14.9470286862659
"X2383",13.6241857816714
"X2384",12.5952565717728
"X2385",10.125088700854
"X2386",9.80013038161605
"X2387",10.5854724354496
"X2388",11.2322530930754
"X2389",11.8953097938027
"X2390",12.5328188120269
"X2391",13.0901860361585
"X2392",13.7513668573382
"X2393",14.2254467671579
"X2394",14.8430750130481
"X2395",15.2752528046662
"X2396",15.3557755863685
"X2397",15.4414425478388
"X2398",15.2777879435889
"X2399",14.9361804942075
"X2400",14.359800938902
"X2401",13.9400757398299
"X2402",13.3524799845734
"X2403",12.9661958411317
"X2404",12.5344281995865
"X2405",12.4196550772755
"X2406",12.2394568456902
"X2407",12.0472214305804
"X2408",11.8641777175482
"X2409",11.5675334136138
"X2410",11.2463435180423
"X2411",10.7341571555176
"X2412",10.57171926964
"X2413",10.5378618704214
"X2414",10.3026936928791
"X2415",10.02360961156
"X2416",9.51838578308639
"X2417",9.17399939820417
"X2418",9.29846026867426
"X2419",9.4329557003353
"X2420",9.77256164921969
"X2421",9.47004606022439
"X2422",8.79604974355648
"X2423",8.86311688303872
"X2424",9.01011273669218
"X2425",9.86611958070968
"X2426",12.3762185153678
"X2427",15.257548072776
"X2428",15.3347390576297
"X2429",12.9565778055261
"X2430",11.4830418849886
"X2431",12.0001973968526
"X2432",12.9811579556218
"X2433",14.6127863551004
"X2434",14.9289896623162
"X2435",13.4661200973861
"X2436",12.1719997093668
"X2437",11.9346688344603
"X2438",12.7833813873836
"X2439",13.3180730391452
"X2440",13.2824465993345
"X2441",13.6145646367001
"X2442",15.5840818092758
"X2443",16.6746607765265
"X2444",18.7221641111032
"X2445",19.8716688174868
"X2446",18.9298370220767
"X2447",17.4601382023386
"X2448",15.1284940012485
"X2449",13.3918345300612
"X2450",13.5895420876397
"X2451",13.6310203729429
"X2452",14.2324187059889
"X2453",16.1784781136801
"X2454",15.9001060030851
"X2455",16.6356084125462
"X2456",19.4216928080977
"X2457",21.8193886039283
"X2458",23.5127273454935
"X2459",24.5876968522871
"X2460",25.3176826199646
"X2461",24.9902794720276
"X2462",22.7912726914563
"X2463",20.9772578061807
"X2464",18.3057102855676
"X2465",13.2780152513633
"X2466",10.6264827412629
"X2467",9.64252527072055
"X2468",8.96913240980233
"X2469",9.09152475797546
"X2470",9.82657223143124
"X2471",11.3774590858916
"X2472",11.9779534884848
"X2473",12.0975186659176
"X2474",12.0170689344879
"X2475",11.4369023179169
"X2476",8.2733137454703
"X2477",6.41314303854137
"X2478",6.35302478647788
"X2479",6.23134519619483
"X2480",6.49630246687518
"X2481",6.99004659954118
"X2482",5.78507311779648
"X2483",5.64358481965777
"X2484",8.63178306424342
"X2485",9.94220512425769
"X2486",6.94772799429712
"X2487",4.59062609416731
"X2488",8.95341934138003
"X2489",13.3176887206213
"X2490",17.9510854561127
"X2491",21.4637345829156
"X2492",25.6246864751248
"X2493",24.1271134572902
"X2494",17.1043396531539
"X2495",7.08437364092347
